Time,Time Code,Country Name,Country Code,"Unemployment, total (% of total labor force) (national estimate) [SL.UEM.TOTL.NE.ZS]"
1990,YR1990,Afghanistan,AFG,..
1990,YR1990,Albania,ALB,9.5
1990,YR1990,Algeria,DZA,21.26
1990,YR1990,American Samoa,ASM,5.11
1990,YR1990,Andorra,AND,..
1990,YR1990,Angola,AGO,..
1990,YR1990,Antigua and Barbuda,ATG,..
1990,YR1990,Argentina,ARG,7.06
1990,YR1990,Armenia,ARM,..
1990,YR1990,Aruba,ABW,..
1990,YR1990,Australia,AUS,6.926
1990,YR1990,Austria,AUT,3.25
1990,YR1990,Azerbaijan,AZE,..
1990,YR1990,"Bahamas, The",BHS,7.77
1990,YR1990,Bahrain,BHR,..
1990,YR1990,Bangladesh,BGD,..
1990,YR1990,Barbados,BRB,8.16
1990,YR1990,Belarus,BLR,..
1990,YR1990,Belgium,BEL,7.25
1990,YR1990,Belize,BLZ,..
1990,YR1990,Benin,BEN,..
1990,YR1990,Bermuda,BMU,..
1990,YR1990,Bhutan,BTN,..
1990,YR1990,Bolivia,BOL,6.69
1990,YR1990,Bosnia and Herzegovina,BIH,..
1990,YR1990,Botswana,BWA,..
1990,YR1990,Brazil,BRA,4.703
1990,YR1990,British Virgin Islands,VGB,..
1990,YR1990,Brunei Darussalam,BRN,..
1990,YR1990,Bulgaria,BGR,1.7
1990,YR1990,Burkina Faso,BFA,..
1990,YR1990,Burundi,BDI,0.48
1990,YR1990,Cabo Verde,CPV,23
1990,YR1990,Cambodia,KHM,..
1990,YR1990,Cameroon,CMR,..
1990,YR1990,Canada,CAN,8.131
1990,YR1990,Cayman Islands,CYM,..
1990,YR1990,Central African Republic,CAF,..
1990,YR1990,Chad,TCD,..
1990,YR1990,Channel Islands,CHI,..
1990,YR1990,Chile,CHL,5.63
1990,YR1990,China,CHN,2.5
1990,YR1990,Colombia,COL,..
1990,YR1990,Comoros,COM,..
1990,YR1990,"Congo, Dem. Rep.",COD,..
1990,YR1990,"Congo, Rep.",COG,..
1990,YR1990,Costa Rica,CRI,..
1990,YR1990,Cote d'Ivoire,CIV,..
1990,YR1990,Croatia,HRV,..
1990,YR1990,Cuba,CUB,..
1990,YR1990,Curacao,CUW,..
1990,YR1990,Cyprus,CYP,1.8
1990,YR1990,Czechia,CZE,0.7
1990,YR1990,Denmark,DNK,8.338
1990,YR1990,Djibouti,DJI,..
1990,YR1990,Dominica,DMA,..
1990,YR1990,Dominican Republic,DOM,..
1990,YR1990,Ecuador,ECU,2.72
1990,YR1990,"Egypt, Arab Rep.",EGY,8.43
1990,YR1990,El Salvador,SLV,9.96
1990,YR1990,Equatorial Guinea,GNQ,..
1990,YR1990,Eritrea,ERI,..
1990,YR1990,Estonia,EST,0.637
1990,YR1990,Eswatini,SWZ,..
1990,YR1990,Ethiopia,ETH,..
1990,YR1990,Faroe Islands,FRO,..
1990,YR1990,Fiji,FJI,..
1990,YR1990,Finland,FIN,3.069
1990,YR1990,France,FRA,11.05
1990,YR1990,French Polynesia,PYF,..
1990,YR1990,Gabon,GAB,..
1990,YR1990,"Gambia, The",GMB,..
1990,YR1990,Georgia,GEO,..
1990,YR1990,Germany,DEU,4.89
1990,YR1990,Ghana,GHA,..
1990,YR1990,Gibraltar,GIB,..
1990,YR1990,Greece,GRC,7.012
1990,YR1990,Greenland,GRL,..
1990,YR1990,Grenada,GRD,..
1990,YR1990,Guam,GUM,2.831
1990,YR1990,Guatemala,GTM,..
1990,YR1990,Guinea,GIN,..
1990,YR1990,Guinea-Bissau,GNB,..
1990,YR1990,Guyana,GUY,..
1990,YR1990,Haiti,HTI,11.25
1990,YR1990,Honduras,HND,4.78
1990,YR1990,"Hong Kong SAR, China",HKG,1.32
1990,YR1990,Hungary,HUN,1.7
1990,YR1990,Iceland,ISL,..
1990,YR1990,India,IND,..
1990,YR1990,Indonesia,IDN,2.541
1990,YR1990,"Iran, Islamic Rep.",IRN,..
1990,YR1990,Iraq,IRQ,..
1990,YR1990,Ireland,IRL,14.077
1990,YR1990,Isle of Man,IMN,2.1
1990,YR1990,Israel,ISR,12.241
1990,YR1990,Italy,ITA,9.781
1990,YR1990,Jamaica,JAM,15.72
1990,YR1990,Japan,JPN,2.095
1990,YR1990,Jordan,JOR,..
1990,YR1990,Kazakhstan,KAZ,..
1990,YR1990,Kenya,KEN,..
1990,YR1990,Kiribati,KIR,..
1990,YR1990,"Korea, Dem. People's Rep.",PRK,..
1990,YR1990,"Korea, Rep.",KOR,2.454
1990,YR1990,Kosovo,XKX,..
1990,YR1990,Kuwait,KWT,..
1990,YR1990,Kyrgyz Republic,KGZ,..
1990,YR1990,Lao PDR,LAO,..
1990,YR1990,Latvia,LVA,..
1990,YR1990,Lebanon,LBN,..
1990,YR1990,Lesotho,LSO,..
1990,YR1990,Liberia,LBR,..
1990,YR1990,Libya,LBY,..
1990,YR1990,Liechtenstein,LIE,0.15
1990,YR1990,Lithuania,LTU,..
1990,YR1990,Luxembourg,LUX,1.607
1990,YR1990,"Macao SAR, China",MAC,..
1990,YR1990,Madagascar,MDG,..
1990,YR1990,Malawi,MWI,..
1990,YR1990,Malaysia,MYS,4.5
1990,YR1990,Maldives,MDV,..
1990,YR1990,Mali,MLI,..
1990,YR1990,Malta,MLT,3.9
1990,YR1990,Marshall Islands,MHL,..
1990,YR1990,Mauritania,MRT,..
1990,YR1990,Mauritius,MUS,..
1990,YR1990,Mexico,MEX,..
1990,YR1990,"Micronesia, Fed. Sts.",FSM,..
1990,YR1990,Moldova,MDA,..
1990,YR1990,Monaco,MCO,..
1990,YR1990,Mongolia,MNG,..
1990,YR1990,Montenegro,MNE,..
1990,YR1990,Morocco,MAR,15.8
1990,YR1990,Mozambique,MOZ,..
1990,YR1990,Myanmar,MMR,6
1990,YR1990,Namibia,NAM,..
1990,YR1990,Nauru,NRU,..
1990,YR1990,Nepal,NPL,..
1990,YR1990,Netherlands,NLD,7.671
1990,YR1990,New Caledonia,NCL,..
1990,YR1990,New Zealand,NZL,7.982
1990,YR1990,Nicaragua,NIC,..
1990,YR1990,Niger,NER,..
1990,YR1990,Nigeria,NGA,..
1990,YR1990,North Macedonia,MKD,23.6
1990,YR1990,Northern Mariana Islands,MNP,..
1990,YR1990,Norway,NOR,5.261
1990,YR1990,Oman,OMN,..
1990,YR1990,Pakistan,PAK,1.97
1990,YR1990,Palau,PLW,7.76
1990,YR1990,Panama,PAN,11.6
1990,YR1990,Papua New Guinea,PNG,7.7
1990,YR1990,Paraguay,PRY,5.8
1990,YR1990,Peru,PER,8.6
1990,YR1990,Philippines,PHL,8.47
1990,YR1990,Poland,POL,..
1990,YR1990,Portugal,PRT,4.645
1990,YR1990,Puerto Rico,PRI,14.52
1990,YR1990,Qatar,QAT,..
1990,YR1990,Romania,ROU,..
1990,YR1990,Russian Federation,RUS,..
1990,YR1990,Rwanda,RWA,..
1990,YR1990,Samoa,WSM,..
1990,YR1990,San Marino,SMR,5.5
1990,YR1990,Sao Tome and Principe,STP,..
1990,YR1990,Saudi Arabia,SAU,..
1990,YR1990,Senegal,SEN,..
1990,YR1990,Serbia,SRB,..
1990,YR1990,Seychelles,SYC,..
1990,YR1990,Sierra Leone,SLE,..
1990,YR1990,Singapore,SGP,..
1990,YR1990,Sint Maarten (Dutch part),SXM,..
1990,YR1990,Slovak Republic,SVK,..
1990,YR1990,Slovenia,SVN,..
1990,YR1990,Solomon Islands,SLB,..
1990,YR1990,Somalia,SOM,..
1990,YR1990,South Africa,ZAF,..
1990,YR1990,South Sudan,SSD,..
1990,YR1990,Spain,ESP,16.273
1990,YR1990,Sri Lanka,LKA,15.9
1990,YR1990,St. Kitts and Nevis,KNA,..
1990,YR1990,St. Lucia,LCA,..
1990,YR1990,St. Martin (French part),MAF,..
1990,YR1990,St. Vincent and the Grenadines,VCT,..
1990,YR1990,Sudan,SDN,..
1990,YR1990,Suriname,SUR,15.65
1990,YR1990,Sweden,SWE,1.832
1990,YR1990,Switzerland,CHE,2.07
1990,YR1990,Syrian Arab Republic,SYR,..
1990,YR1990,Tajikistan,TJK,..
1990,YR1990,Tanzania,TZA,..
1990,YR1990,Thailand,THA,2.21
1990,YR1990,Timor-Leste,TLS,..
1990,YR1990,Togo,TGO,..
1990,YR1990,Tonga,TON,4.16
1990,YR1990,Trinidad and Tobago,TTO,21.86
1990,YR1990,Tunisia,TUN,..
1990,YR1990,Turkiye,TUR,8.015
1990,YR1990,Turkmenistan,TKM,..
1990,YR1990,Turks and Caicos Islands,TCA,..
1990,YR1990,Tuvalu,TUV,..
1990,YR1990,Uganda,UGA,..
1990,YR1990,Ukraine,UKR,..
1990,YR1990,United Arab Emirates,ARE,..
1990,YR1990,United Kingdom,GBR,6.969
1990,YR1990,United States,USA,5.6
1990,YR1990,Uruguay,URY,8.53
1990,YR1990,Uzbekistan,UZB,..
1990,YR1990,Vanuatu,VUT,..
1990,YR1990,"Venezuela, RB",VEN,13.96
1990,YR1990,Viet Nam,VNM,..
1990,YR1990,Virgin Islands (U.S.),VIR,..
1990,YR1990,West Bank and Gaza,PSE,..
1990,YR1990,"Yemen, Rep.",YEM,..
1990,YR1990,Zambia,ZMB,15
1990,YR1990,Zimbabwe,ZWE,..
2000,YR2000,Afghanistan,AFG,..
2000,YR2000,Albania,ALB,16.8
2000,YR2000,Algeria,DZA,29.77
2000,YR2000,American Samoa,ASM,5.05
2000,YR2000,Andorra,AND,..
2000,YR2000,Angola,AGO,..
2000,YR2000,Antigua and Barbuda,ATG,..
2000,YR2000,Argentina,ARG,15
2000,YR2000,Armenia,ARM,..
2000,YR2000,Aruba,ABW,6.92
2000,YR2000,Australia,AUS,6.288
2000,YR2000,Austria,AUT,4.694
2000,YR2000,Azerbaijan,AZE,11.78
2000,YR2000,"Bahamas, The",BHS,..
2000,YR2000,Bahrain,BHR,..
2000,YR2000,Bangladesh,BGD,3.27
2000,YR2000,Barbados,BRB,9.35
2000,YR2000,Belarus,BLR,2.1
2000,YR2000,Belgium,BEL,6.586
2000,YR2000,Belize,BLZ,..
2000,YR2000,Benin,BEN,..
2000,YR2000,Bermuda,BMU,2.71
2000,YR2000,Bhutan,BTN,..
2000,YR2000,Bolivia,BOL,4.47
2000,YR2000,Bosnia and Herzegovina,BIH,..
2000,YR2000,Botswana,BWA,15.88
2000,YR2000,Brazil,BRA,..
2000,YR2000,British Virgin Islands,VGB,..
2000,YR2000,Brunei Darussalam,BRN,..
2000,YR2000,Bulgaria,BGR,16.218
2000,YR2000,Burkina Faso,BFA,..
2000,YR2000,Burundi,BDI,..
2000,YR2000,Cabo Verde,CPV,..
2000,YR2000,Cambodia,KHM,2.764
2000,YR2000,Cameroon,CMR,..
2000,YR2000,Canada,CAN,6.829
2000,YR2000,Cayman Islands,CYM,..
2000,YR2000,Central African Republic,CAF,..
2000,YR2000,Chad,TCD,..
2000,YR2000,Channel Islands,CHI,..
2000,YR2000,Chile,CHL,10.491
2000,YR2000,China,CHN,3.707
2000,YR2000,Colombia,COL,20.52
2000,YR2000,Comoros,COM,..
2000,YR2000,"Congo, Dem. Rep.",COD,..
2000,YR2000,"Congo, Rep.",COG,..
2000,YR2000,Costa Rica,CRI,..
2000,YR2000,Cote d'Ivoire,CIV,..
2000,YR2000,Croatia,HRV,16.064
2000,YR2000,Cuba,CUB,5.45
2000,YR2000,Curacao,CUW,..
2000,YR2000,Cyprus,CYP,4.766
2000,YR2000,Czechia,CZE,8.764
2000,YR2000,Denmark,DNK,4.476
2000,YR2000,Djibouti,DJI,..
2000,YR2000,Dominica,DMA,..
2000,YR2000,Dominican Republic,DOM,6.432
2000,YR2000,Ecuador,ECU,4.8
2000,YR2000,"Egypt, Arab Rep.",EGY,8.98
2000,YR2000,El Salvador,SLV,6.96
2000,YR2000,Equatorial Guinea,GNQ,..
2000,YR2000,Eritrea,ERI,..
2000,YR2000,Estonia,EST,13.93
2000,YR2000,Eswatini,SWZ,..
2000,YR2000,Ethiopia,ETH,..
2000,YR2000,Faroe Islands,FRO,4.17
2000,YR2000,Fiji,FJI,..
2000,YR2000,Finland,FIN,12.49
2000,YR2000,France,FRA,10.218
2000,YR2000,French Polynesia,PYF,..
2000,YR2000,Gabon,GAB,..
2000,YR2000,"Gambia, The",GMB,..
2000,YR2000,Georgia,GEO,10.82
2000,YR2000,Germany,DEU,7.917
2000,YR2000,Ghana,GHA,10.456
2000,YR2000,Gibraltar,GIB,..
2000,YR2000,Greece,GRC,11.345
2000,YR2000,Greenland,GRL,11.02
2000,YR2000,Grenada,GRD,..
2000,YR2000,Guam,GUM,11.48
2000,YR2000,Guatemala,GTM,..
2000,YR2000,Guinea,GIN,..
2000,YR2000,Guinea-Bissau,GNB,..
2000,YR2000,Guyana,GUY,..
2000,YR2000,Haiti,HTI,..
2000,YR2000,Honduras,HND,..
2000,YR2000,"Hong Kong SAR, China",HKG,4.92
2000,YR2000,Hungary,HUN,6.563
2000,YR2000,Iceland,ISL,1.936
2000,YR2000,India,IND,2.731
2000,YR2000,Indonesia,IDN,6.078
2000,YR2000,"Iran, Islamic Rep.",IRN,..
2000,YR2000,Iraq,IRQ,..
2000,YR2000,Ireland,IRL,4.318
2000,YR2000,Isle of Man,IMN,0.6
2000,YR2000,Israel,ISR,11.102
2000,YR2000,Italy,ITA,10.834
2000,YR2000,Jamaica,JAM,15.539
2000,YR2000,Japan,JPN,4.748
2000,YR2000,Jordan,JOR,13.7
2000,YR2000,Kazakhstan,KAZ,12.75
2000,YR2000,Kenya,KEN,..
2000,YR2000,Kiribati,KIR,..
2000,YR2000,"Korea, Dem. People's Rep.",PRK,..
2000,YR2000,"Korea, Rep.",KOR,4.063
2000,YR2000,Kosovo,XKX,11.629
2000,YR2000,Kuwait,KWT,0.8
2000,YR2000,Kyrgyz Republic,KGZ,7.54
2000,YR2000,Lao PDR,LAO,..
2000,YR2000,Latvia,LVA,14.211
2000,YR2000,Lebanon,LBN,..
2000,YR2000,Lesotho,LSO,..
2000,YR2000,Liberia,LBR,..
2000,YR2000,Libya,LBY,..
2000,YR2000,Liechtenstein,LIE,1.27
2000,YR2000,Lithuania,LTU,15.931
2000,YR2000,Luxembourg,LUX,2.345
2000,YR2000,"Macao SAR, China",MAC,6.874
2000,YR2000,Madagascar,MDG,5.8
2000,YR2000,Malawi,MWI,..
2000,YR2000,Malaysia,MYS,3
2000,YR2000,Maldives,MDV,1.97
2000,YR2000,Mali,MLI,..
2000,YR2000,Malta,MLT,6.324
2000,YR2000,Marshall Islands,MHL,..
2000,YR2000,Mauritania,MRT,..
2000,YR2000,Mauritius,MUS,..
2000,YR2000,Mexico,MEX,2.646
2000,YR2000,"Micronesia, Fed. Sts.",FSM,..
2000,YR2000,Moldova,MDA,8.539
2000,YR2000,Monaco,MCO,3.6
2000,YR2000,Mongolia,MNG,..
2000,YR2000,Montenegro,MNE,..
2000,YR2000,Morocco,MAR,13.58
2000,YR2000,Mozambique,MOZ,..
2000,YR2000,Myanmar,MMR,..
2000,YR2000,Namibia,NAM,20.3
2000,YR2000,Nauru,NRU,..
2000,YR2000,Nepal,NPL,..
2000,YR2000,Netherlands,NLD,2.725
2000,YR2000,New Caledonia,NCL,..
2000,YR2000,New Zealand,NZL,6.13
2000,YR2000,Nicaragua,NIC,..
2000,YR2000,Niger,NER,..
2000,YR2000,Nigeria,NGA,..
2000,YR2000,North Macedonia,MKD,32.2
2000,YR2000,Northern Mariana Islands,MNP,3.83
2000,YR2000,Norway,NOR,3.458
2000,YR2000,Oman,OMN,..
2000,YR2000,Pakistan,PAK,7.16
2000,YR2000,Palau,PLW,3.3
2000,YR2000,Panama,PAN,13.53
2000,YR2000,Papua New Guinea,PNG,2.92
2000,YR2000,Paraguay,PRY,7.61
2000,YR2000,Peru,PER,4.069
2000,YR2000,Philippines,PHL,11.189
2000,YR2000,Poland,POL,16.314
2000,YR2000,Portugal,PRT,3.806
2000,YR2000,Puerto Rico,PRI,10.08
2000,YR2000,Qatar,QAT,..
2000,YR2000,Romania,ROU,6.969
2000,YR2000,Russian Federation,RUS,10.581
2000,YR2000,Rwanda,RWA,..
2000,YR2000,Samoa,WSM,..
2000,YR2000,San Marino,SMR,2.8
2000,YR2000,Sao Tome and Principe,STP,14.4
2000,YR2000,Saudi Arabia,SAU,4.57
2000,YR2000,Senegal,SEN,..
2000,YR2000,Serbia,SRB,12.6
2000,YR2000,Seychelles,SYC,..
2000,YR2000,Sierra Leone,SLE,..
2000,YR2000,Singapore,SGP,5.96
2000,YR2000,Sint Maarten (Dutch part),SXM,..
2000,YR2000,Slovak Republic,SVK,18.546
2000,YR2000,Slovenia,SVN,6.92
2000,YR2000,Solomon Islands,SLB,..
2000,YR2000,Somalia,SOM,..
2000,YR2000,South Africa,ZAF,29.88
2000,YR2000,South Sudan,SSD,..
2000,YR2000,Spain,ESP,13.785
2000,YR2000,Sri Lanka,LKA,7.74
2000,YR2000,St. Kitts and Nevis,KNA,..
2000,YR2000,St. Lucia,LCA,16.49
2000,YR2000,St. Martin (French part),MAF,..
2000,YR2000,St. Vincent and the Grenadines,VCT,..
2000,YR2000,Sudan,SDN,..
2000,YR2000,Suriname,SUR,..
2000,YR2000,Sweden,SWE,5.466
2000,YR2000,Switzerland,CHE,2.658
2000,YR2000,Syrian Arab Republic,SYR,..
2000,YR2000,Tajikistan,TJK,2.7
2000,YR2000,Tanzania,TZA,..
2000,YR2000,Thailand,THA,2.389
2000,YR2000,Timor-Leste,TLS,..
2000,YR2000,Togo,TGO,..
2000,YR2000,Tonga,TON,..
2000,YR2000,Trinidad and Tobago,TTO,12.1
2000,YR2000,Tunisia,TUN,14.94
2000,YR2000,Turkiye,TUR,6.495
2000,YR2000,Turkmenistan,TKM,..
2000,YR2000,Turks and Caicos Islands,TCA,..
2000,YR2000,Tuvalu,TUV,..
2000,YR2000,Uganda,UGA,..
2000,YR2000,Ukraine,UKR,11.707
2000,YR2000,United Arab Emirates,ARE,2.25
2000,YR2000,United Kingdom,GBR,5.558
2000,YR2000,United States,USA,3.992
2000,YR2000,Uruguay,URY,12.627
2000,YR2000,Uzbekistan,UZB,0.4
2000,YR2000,Vanuatu,VUT,..
2000,YR2000,"Venezuela, RB",VEN,..
2000,YR2000,Viet Nam,VNM,2.26
2000,YR2000,Virgin Islands (U.S.),VIR,..
2000,YR2000,West Bank and Gaza,PSE,10.625
2000,YR2000,"Yemen, Rep.",YEM,..
2000,YR2000,Zambia,ZMB,12.93
2000,YR2000,Zimbabwe,ZWE,..
2014,YR2014,Afghanistan,AFG,7.915
2014,YR2014,Albania,ALB,18.055
2014,YR2014,Algeria,DZA,10.207
2014,YR2014,American Samoa,ASM,..
2014,YR2014,Andorra,AND,..
2014,YR2014,Angola,AGO,9.579
2014,YR2014,Antigua and Barbuda,ATG,..
2014,YR2014,Argentina,ARG,7.268
2014,YR2014,Armenia,ARM,17.499
2014,YR2014,Aruba,ABW,..
2014,YR2014,Australia,AUS,6.078
2014,YR2014,Austria,AUT,5.674
2014,YR2014,Azerbaijan,AZE,4.91
2014,YR2014,"Bahamas, The",BHS,13.8
2014,YR2014,Bahrain,BHR,..
2014,YR2014,Bangladesh,BGD,..
2014,YR2014,Barbados,BRB,12.17
2014,YR2014,Belarus,BLR,0.5
2014,YR2014,Belgium,BEL,8.523
2014,YR2014,Belize,BLZ,8.244
2014,YR2014,Benin,BEN,..
2014,YR2014,Bermuda,BMU,8.94
2014,YR2014,Bhutan,BTN,2.63
2014,YR2014,Bolivia,BOL,2.021
2014,YR2014,Bosnia and Herzegovina,BIH,27.517
2014,YR2014,Botswana,BWA,..
2014,YR2014,Brazil,BRA,6.755
2014,YR2014,British Virgin Islands,VGB,..
2014,YR2014,Brunei Darussalam,BRN,6.862
2014,YR2014,Bulgaria,BGR,11.424
2014,YR2014,Burkina Faso,BFA,6.481
2014,YR2014,Burundi,BDI,1.572
2014,YR2014,Cabo Verde,CPV,..
2014,YR2014,Cambodia,KHM,0.692
2014,YR2014,Cameroon,CMR,3.534
2014,YR2014,Canada,CAN,7.023
2014,YR2014,Cayman Islands,CYM,4.7
2014,YR2014,Central African Republic,CAF,..
2014,YR2014,Chad,TCD,..
2014,YR2014,Channel Islands,CHI,..
2014,YR2014,Chile,CHL,6.761
2014,YR2014,China,CHN,4.1
2014,YR2014,Colombia,COL,8.799
2014,YR2014,Comoros,COM,8.143
2014,YR2014,"Congo, Dem. Rep.",COD,..
2014,YR2014,"Congo, Rep.",COG,..
2014,YR2014,Costa Rica,CRI,8.499
2014,YR2014,Cote d'Ivoire,CIV,..
2014,YR2014,Croatia,HRV,17.29
2014,YR2014,Cuba,CUB,2.7
2014,YR2014,Curacao,CUW,12.61
2014,YR2014,Cyprus,CYP,16.277
2014,YR2014,Czechia,CZE,6.108
2014,YR2014,Denmark,DNK,6.925
2014,YR2014,Djibouti,DJI,..
2014,YR2014,Dominica,DMA,..
2014,YR2014,Dominican Republic,DOM,6.719
2014,YR2014,Ecuador,ECU,3.48
2014,YR2014,"Egypt, Arab Rep.",EGY,13.105
2014,YR2014,El Salvador,SLV,4.154
2014,YR2014,Equatorial Guinea,GNQ,..
2014,YR2014,Eritrea,ERI,..
2014,YR2014,Estonia,EST,7.352
2014,YR2014,Eswatini,SWZ,..
2014,YR2014,Ethiopia,ETH,..
2014,YR2014,Faroe Islands,FRO,..
2014,YR2014,Fiji,FJI,6.17
2014,YR2014,Finland,FIN,8.663
2014,YR2014,France,FRA,10.273
2014,YR2014,French Polynesia,PYF,..
2014,YR2014,Gabon,GAB,..
2014,YR2014,"Gambia, The",GMB,..
2014,YR2014,Georgia,GEO,17.439
2014,YR2014,Germany,DEU,4.981
2014,YR2014,Ghana,GHA,..
2014,YR2014,Gibraltar,GIB,..
2014,YR2014,Greece,GRC,26.708
2014,YR2014,Greenland,GRL,10.3
2014,YR2014,Grenada,GRD,24.5
2014,YR2014,Guam,GUM,7.6
2014,YR2014,Guatemala,GTM,2.717
2014,YR2014,Guinea,GIN,..
2014,YR2014,Guinea-Bissau,GNB,..
2014,YR2014,Guyana,GUY,..
2014,YR2014,Haiti,HTI,..
2014,YR2014,Honduras,HND,7.078
2014,YR2014,"Hong Kong SAR, China",HKG,3.296
2014,YR2014,Hungary,HUN,7.725
2014,YR2014,Iceland,ISL,4.897
2014,YR2014,India,IND,..
2014,YR2014,Indonesia,IDN,4.049
2014,YR2014,"Iran, Islamic Rep.",IRN,10.68
2014,YR2014,Iraq,IRQ,10.59
2014,YR2014,Ireland,IRL,11.858
2014,YR2014,Isle of Man,IMN,1.98
2014,YR2014,Israel,ISR,5.789
2014,YR2014,Italy,ITA,12.683
2014,YR2014,Jamaica,JAM,9.046
2014,YR2014,Japan,JPN,3.589
2014,YR2014,Jordan,JOR,11.9
2014,YR2014,Kazakhstan,KAZ,5.06
2014,YR2014,Kenya,KEN,..
2014,YR2014,Kiribati,KIR,..
2014,YR2014,"Korea, Dem. People's Rep.",PRK,..
2014,YR2014,"Korea, Rep.",KOR,3.082
2014,YR2014,Kosovo,XKX,35.264
2014,YR2014,Kuwait,KWT,2.9
2014,YR2014,Kyrgyz Republic,KGZ,4.051
2014,YR2014,Lao PDR,LAO,..
2014,YR2014,Latvia,LVA,10.846
2014,YR2014,Lebanon,LBN,..
2014,YR2014,Lesotho,LSO,..
2014,YR2014,Liberia,LBR,2.079
2014,YR2014,Libya,LBY,..
2014,YR2014,Liechtenstein,LIE,..
2014,YR2014,Lithuania,LTU,10.698
2014,YR2014,Luxembourg,LUX,5.852
2014,YR2014,"Macao SAR, China",MAC,1.67
2014,YR2014,Madagascar,MDG,..
2014,YR2014,Malawi,MWI,..
2014,YR2014,Malaysia,MYS,2.88
2014,YR2014,Maldives,MDV,3.846
2014,YR2014,Mali,MLI,6.376
2014,YR2014,Malta,MLT,5.737
2014,YR2014,Marshall Islands,MHL,..
2014,YR2014,Mauritania,MRT,..
2014,YR2014,Mauritius,MUS,7.467
2014,YR2014,Mexico,MEX,4.819
2014,YR2014,"Micronesia, Fed. Sts.",FSM,8.863
2014,YR2014,Moldova,MDA,1.451
2014,YR2014,Monaco,MCO,..
2014,YR2014,Mongolia,MNG,4.798
2014,YR2014,Montenegro,MNE,18.054
2014,YR2014,Morocco,MAR,9.7
2014,YR2014,Mozambique,MOZ,..
2014,YR2014,Myanmar,MMR,..
2014,YR2014,Namibia,NAM,18.521
2014,YR2014,Nauru,NRU,..
2014,YR2014,Nepal,NPL,..
2014,YR2014,Netherlands,NLD,7.416
2014,YR2014,New Caledonia,NCL,14.59
2014,YR2014,New Zealand,NZL,5.428
2014,YR2014,Nicaragua,NIC,4.52
2014,YR2014,Niger,NER,0.524
2014,YR2014,Nigeria,NGA,4.562
2014,YR2014,North Macedonia,MKD,28.381
2014,YR2014,Northern Mariana Islands,MNP,..
2014,YR2014,Norway,NOR,3.484
2014,YR2014,Oman,OMN,..
2014,YR2014,Pakistan,PAK,1.827
2014,YR2014,Palau,PLW,1.357
2014,YR2014,Panama,PAN,4.444
2014,YR2014,Papua New Guinea,PNG,..
2014,YR2014,Paraguay,PRY,5.034
2014,YR2014,Peru,PER,3.208
2014,YR2014,Philippines,PHL,3.6
2014,YR2014,Poland,POL,8.99
2014,YR2014,Portugal,PRT,13.897
2014,YR2014,Puerto Rico,PRI,13.9
2014,YR2014,Qatar,QAT,0.2
2014,YR2014,Romania,ROU,6.802
2014,YR2014,Russian Federation,RUS,5.16
2014,YR2014,Rwanda,RWA,1.169
2014,YR2014,Samoa,WSM,8.72
2014,YR2014,San Marino,SMR,6.61
2014,YR2014,Sao Tome and Principe,STP,..
2014,YR2014,Saudi Arabia,SAU,5.877
2014,YR2014,Senegal,SEN,..
2014,YR2014,Serbia,SRB,19.223
2014,YR2014,Seychelles,SYC,3.841
2014,YR2014,Sierra Leone,SLE,4.678
2014,YR2014,Singapore,SGP,3.74
2014,YR2014,Sint Maarten (Dutch part),SXM,..
2014,YR2014,Slovak Republic,SVK,11.537
2014,YR2014,Slovenia,SVN,9.692
2014,YR2014,Solomon Islands,SLB,..
2014,YR2014,Somalia,SOM,..
2014,YR2014,South Africa,ZAF,22.606
2014,YR2014,South Sudan,SSD,..
2014,YR2014,Spain,ESP,24.442
2014,YR2014,Sri Lanka,LKA,4.157
2014,YR2014,St. Kitts and Nevis,KNA,..
2014,YR2014,St. Lucia,LCA,..
2014,YR2014,St. Martin (French part),MAF,..
2014,YR2014,St. Vincent and the Grenadines,VCT,..
2014,YR2014,Sudan,SDN,..
2014,YR2014,Suriname,SUR,6.94
2014,YR2014,Sweden,SWE,7.954
2014,YR2014,Switzerland,CHE,4.826
2014,YR2014,Syrian Arab Republic,SYR,..
2014,YR2014,Tajikistan,TJK,..
2014,YR2014,Tanzania,TZA,2.125
2014,YR2014,Thailand,THA,0.576
2014,YR2014,Timor-Leste,TLS,..
2014,YR2014,Togo,TGO,..
2014,YR2014,Tonga,TON,..
2014,YR2014,Trinidad and Tobago,TTO,2.477
2014,YR2014,Tunisia,TUN,14.259
2014,YR2014,Turkiye,TUR,9.901
2014,YR2014,Turkmenistan,TKM,..
2014,YR2014,Turks and Caicos Islands,TCA,..
2014,YR2014,Tuvalu,TUV,..
2014,YR2014,Uganda,UGA,1.566
2014,YR2014,Ukraine,UKR,9.27
2014,YR2014,United Arab Emirates,ARE,..
2014,YR2014,United Kingdom,GBR,6.11
2014,YR2014,United States,USA,6.168
2014,YR2014,Uruguay,URY,6.547
2014,YR2014,Uzbekistan,UZB,5.09
2014,YR2014,Vanuatu,VUT,..
2014,YR2014,"Venezuela, RB",VEN,..
2014,YR2014,Viet Nam,VNM,1.256
2014,YR2014,Virgin Islands (U.S.),VIR,..
2014,YR2014,West Bank and Gaza,PSE,20.527
2014,YR2014,"Yemen, Rep.",YEM,13.467
2014,YR2014,Zambia,ZMB,..
2014,YR2014,Zimbabwe,ZWE,4.774
2015,YR2015,Afghanistan,AFG,..
2015,YR2015,Albania,ALB,17.193
2015,YR2015,Algeria,DZA,11.206
2015,YR2015,American Samoa,ASM,..
2015,YR2015,Andorra,AND,..
2015,YR2015,Angola,AGO,..
2015,YR2015,Antigua and Barbuda,ATG,..
2015,YR2015,Argentina,ARG,..
2015,YR2015,Armenia,ARM,18.261
2015,YR2015,Aruba,ABW,..
2015,YR2015,Australia,AUS,6.055
2015,YR2015,Austria,AUT,5.802
2015,YR2015,Azerbaijan,AZE,4.96
2015,YR2015,"Bahamas, The",BHS,12
2015,YR2015,Bahrain,BHR,..
2015,YR2015,Bangladesh,BGD,..
2015,YR2015,Barbados,BRB,9.803
2015,YR2015,Belarus,BLR,1
2015,YR2015,Belgium,BEL,8.482
2015,YR2015,Belize,BLZ,7.578
2015,YR2015,Benin,BEN,..
2015,YR2015,Bermuda,BMU,..
2015,YR2015,Bhutan,BTN,2.45
2015,YR2015,Bolivia,BOL,3.111
2015,YR2015,Bosnia and Herzegovina,BIH,27.695
2015,YR2015,Botswana,BWA,..
2015,YR2015,Brazil,BRA,8.538
2015,YR2015,British Virgin Islands,VGB,..
2015,YR2015,Brunei Darussalam,BRN,..
2015,YR2015,Bulgaria,BGR,9.143
2015,YR2015,Burkina Faso,BFA,..
2015,YR2015,Burundi,BDI,..
2015,YR2015,Cabo Verde,CPV,31.313
2015,YR2015,Cambodia,KHM,0.393
2015,YR2015,Cameroon,CMR,..
2015,YR2015,Canada,CAN,6.945
2015,YR2015,Cayman Islands,CYM,4.24
2015,YR2015,Central African Republic,CAF,..
2015,YR2015,Chad,TCD,..
2015,YR2015,Channel Islands,CHI,..
2015,YR2015,Chile,CHL,6.605
2015,YR2015,China,CHN,..
2015,YR2015,Colombia,COL,8.572
2015,YR2015,Comoros,COM,..
2015,YR2015,"Congo, Dem. Rep.",COD,..
2015,YR2015,"Congo, Rep.",COG,..
2015,YR2015,Costa Rica,CRI,8.415
2015,YR2015,Cote d'Ivoire,CIV,..
2015,YR2015,Croatia,HRV,16.175
2015,YR2015,Cuba,CUB,2.4
2015,YR2015,Curacao,CUW,11.71
2015,YR2015,Cyprus,CYP,15.026
2015,YR2015,Czechia,CZE,5.048
2015,YR2015,Denmark,DNK,6.278
2015,YR2015,Djibouti,DJI,..
2015,YR2015,Dominica,DMA,..
2015,YR2015,Dominican Republic,DOM,7.605
2015,YR2015,Ecuador,ECU,3.616
2015,YR2015,"Egypt, Arab Rep.",EGY,13.052
2015,YR2015,El Salvador,SLV,3.998
2015,YR2015,Equatorial Guinea,GNQ,..
2015,YR2015,Eritrea,ERI,..
2015,YR2015,Estonia,EST,6.412
2015,YR2015,Eswatini,SWZ,..
2015,YR2015,Ethiopia,ETH,..
2015,YR2015,Faroe Islands,FRO,..
2015,YR2015,Fiji,FJI,..
2015,YR2015,Finland,FIN,9.376
2015,YR2015,France,FRA,10.354
2015,YR2015,French Polynesia,PYF,..
2015,YR2015,Gabon,GAB,..
2015,YR2015,"Gambia, The",GMB,..
2015,YR2015,Georgia,GEO,16.506
2015,YR2015,Germany,DEU,4.624
2015,YR2015,Ghana,GHA,6.806
2015,YR2015,Gibraltar,GIB,..
2015,YR2015,Greece,GRC,24.981
2015,YR2015,Greenland,GRL,9.1
2015,YR2015,Grenada,GRD,22.9
2015,YR2015,Guam,GUM,6.9
2015,YR2015,Guatemala,GTM,2.506
2015,YR2015,Guinea,GIN,..
2015,YR2015,Guinea-Bissau,GNB,..
2015,YR2015,Guyana,GUY,..
2015,YR2015,Haiti,HTI,..
2015,YR2015,Honduras,HND,6.147
2015,YR2015,"Hong Kong SAR, China",HKG,3.314
2015,YR2015,Hungary,HUN,6.813
2015,YR2015,Iceland,ISL,3.979
2015,YR2015,India,IND,..
2015,YR2015,Indonesia,IDN,4.514
2015,YR2015,"Iran, Islamic Rep.",IRN,11.166
2015,YR2015,Iraq,IRQ,..
2015,YR2015,Ireland,IRL,9.908
2015,YR2015,Isle of Man,IMN,..
2015,YR2015,Israel,ISR,5.176
2015,YR2015,Italy,ITA,11.896
2015,YR2015,Jamaica,JAM,13.511
2015,YR2015,Japan,JPN,3.385
2015,YR2015,Jordan,JOR,13.075
2015,YR2015,Kazakhstan,KAZ,4.93
2015,YR2015,Kenya,KEN,..
2015,YR2015,Kiribati,KIR,9.335
2015,YR2015,"Korea, Dem. People's Rep.",PRK,..
2015,YR2015,"Korea, Rep.",KOR,3.546
2015,YR2015,Kosovo,XKX,32.84
2015,YR2015,Kuwait,KWT,2.2
2015,YR2015,Kyrgyz Republic,KGZ,3.364
2015,YR2015,Lao PDR,LAO,..
2015,YR2015,Latvia,LVA,9.873
2015,YR2015,Lebanon,LBN,..
2015,YR2015,Lesotho,LSO,..
2015,YR2015,Liberia,LBR,..
2015,YR2015,Libya,LBY,..
2015,YR2015,Liechtenstein,LIE,..
2015,YR2015,Lithuania,LTU,9.12
2015,YR2015,Luxembourg,LUX,6.669
2015,YR2015,"Macao SAR, China",MAC,1.81
2015,YR2015,Madagascar,MDG,1.785
2015,YR2015,Malawi,MWI,..
2015,YR2015,Malaysia,MYS,3.1
2015,YR2015,Maldives,MDV,..
2015,YR2015,Mali,MLI,7.729
2015,YR2015,Malta,MLT,5.389
2015,YR2015,Marshall Islands,MHL,..
2015,YR2015,Mauritania,MRT,..
2015,YR2015,Mauritius,MUS,7.41
2015,YR2015,Mexico,MEX,4.311
2015,YR2015,"Micronesia, Fed. Sts.",FSM,..
2015,YR2015,Moldova,MDA,1.781
2015,YR2015,Monaco,MCO,..
2015,YR2015,Mongolia,MNG,4.861
2015,YR2015,Montenegro,MNE,17.555
2015,YR2015,Morocco,MAR,9.46
2015,YR2015,Mozambique,MOZ,3.426
2015,YR2015,Myanmar,MMR,0.766
2015,YR2015,Namibia,NAM,..
2015,YR2015,Nauru,NRU,..
2015,YR2015,Nepal,NPL,3.1
2015,YR2015,Netherlands,NLD,6.873
2015,YR2015,New Caledonia,NCL,..
2015,YR2015,New Zealand,NZL,5.415
2015,YR2015,Nicaragua,NIC,4.7
2015,YR2015,Niger,NER,..
2015,YR2015,Nigeria,NGA,4.311
2015,YR2015,North Macedonia,MKD,26.433
2015,YR2015,Northern Mariana Islands,MNP,..
2015,YR2015,Norway,NOR,4.296
2015,YR2015,Oman,OMN,..
2015,YR2015,Pakistan,PAK,3.566
2015,YR2015,Palau,PLW,..
2015,YR2015,Panama,PAN,4.402
2015,YR2015,Papua New Guinea,PNG,..
2015,YR2015,Paraguay,PRY,4.556
2015,YR2015,Peru,PER,3.272
2015,YR2015,Philippines,PHL,3.068
2015,YR2015,Poland,POL,7.501
2015,YR2015,Portugal,PRT,12.447
2015,YR2015,Puerto Rico,PRI,12
2015,YR2015,Qatar,QAT,0.17
2015,YR2015,Romania,ROU,6.812
2015,YR2015,Russian Federation,RUS,5.571
2015,YR2015,Rwanda,RWA,..
2015,YR2015,Samoa,WSM,..
2015,YR2015,San Marino,SMR,7.38
2015,YR2015,Sao Tome and Principe,STP,..
2015,YR2015,Saudi Arabia,SAU,5.6
2015,YR2015,Senegal,SEN,6.757
2015,YR2015,Serbia,SRB,17.66
2015,YR2015,Seychelles,SYC,4.151
2015,YR2015,Sierra Leone,SLE,..
2015,YR2015,Singapore,SGP,3.79
2015,YR2015,Sint Maarten (Dutch part),SXM,..
2015,YR2015,Slovak Republic,SVK,11.492
2015,YR2015,Slovenia,SVN,8.975
2015,YR2015,Solomon Islands,SLB,..
2015,YR2015,Somalia,SOM,..
2015,YR2015,South Africa,ZAF,22.869
2015,YR2015,South Sudan,SSD,..
2015,YR2015,Spain,ESP,22.058
2015,YR2015,Sri Lanka,LKA,4.519
2015,YR2015,St. Kitts and Nevis,KNA,..
2015,YR2015,St. Lucia,LCA,..
2015,YR2015,St. Martin (French part),MAF,..
2015,YR2015,St. Vincent and the Grenadines,VCT,..
2015,YR2015,Sudan,SDN,..
2015,YR2015,Suriname,SUR,7.22
2015,YR2015,Sweden,SWE,7.432
2015,YR2015,Switzerland,CHE,4.801
2015,YR2015,Syrian Arab Republic,SYR,..
2015,YR2015,Tajikistan,TJK,..
2015,YR2015,Tanzania,TZA,..
2015,YR2015,Thailand,THA,0.597
2015,YR2015,Timor-Leste,TLS,..
2015,YR2015,Togo,TGO,2.204
2015,YR2015,Tonga,TON,..
2015,YR2015,Trinidad and Tobago,TTO,2.428
2015,YR2015,Tunisia,TUN,15.159
2015,YR2015,Turkiye,TUR,10.304
2015,YR2015,Turkmenistan,TKM,..
2015,YR2015,Turks and Caicos Islands,TCA,..
2015,YR2015,Tuvalu,TUV,..
2015,YR2015,Uganda,UGA,..
2015,YR2015,Ukraine,UKR,9.14
2015,YR2015,United Arab Emirates,ARE,..
2015,YR2015,United Kingdom,GBR,5.301
2015,YR2015,United States,USA,5.28
2015,YR2015,Uruguay,URY,7.488
2015,YR2015,Uzbekistan,UZB,5.15
2015,YR2015,Vanuatu,VUT,..
2015,YR2015,"Venezuela, RB",VEN,..
2015,YR2015,Viet Nam,VNM,1.849
2015,YR2015,Virgin Islands (U.S.),VIR,..
2015,YR2015,West Bank and Gaza,PSE,23.005
2015,YR2015,"Yemen, Rep.",YEM,..
2015,YR2015,Zambia,ZMB,..
2015,YR2015,Zimbabwe,ZWE,..
2016,YR2016,Afghanistan,AFG,..
2016,YR2016,Albania,ALB,15.418
2016,YR2016,Algeria,DZA,10.202
2016,YR2016,American Samoa,ASM,..
2016,YR2016,Andorra,AND,..
2016,YR2016,Angola,AGO,..
2016,YR2016,Antigua and Barbuda,ATG,..
2016,YR2016,Argentina,ARG,..
2016,YR2016,Armenia,ARM,17.617
2016,YR2016,Aruba,ABW,..
2016,YR2016,Australia,AUS,5.711
2016,YR2016,Austria,AUT,6.064
2016,YR2016,Azerbaijan,AZE,5
2016,YR2016,"Bahamas, The",BHS,12.7
2016,YR2016,Bahrain,BHR,..
2016,YR2016,Bangladesh,BGD,4.35
2016,YR2016,Barbados,BRB,8.247
2016,YR2016,Belarus,BLR,5.844
2016,YR2016,Belgium,BEL,7.83
2016,YR2016,Belize,BLZ,7
2016,YR2016,Benin,BEN,..
2016,YR2016,Bermuda,BMU,..
2016,YR2016,Bhutan,BTN,..
2016,YR2016,Bolivia,BOL,3.498
2016,YR2016,Bosnia and Herzegovina,BIH,25.408
2016,YR2016,Botswana,BWA,..
2016,YR2016,Brazil,BRA,11.58
2016,YR2016,British Virgin Islands,VGB,..
2016,YR2016,Brunei Darussalam,BRN,..
2016,YR2016,Bulgaria,BGR,7.575
2016,YR2016,Burkina Faso,BFA,..
2016,YR2016,Burundi,BDI,..
2016,YR2016,Cabo Verde,CPV,..
2016,YR2016,Cambodia,KHM,0.716
2016,YR2016,Cameroon,CMR,..
2016,YR2016,Canada,CAN,7.038
2016,YR2016,Cayman Islands,CYM,..
2016,YR2016,Central African Republic,CAF,..
2016,YR2016,Chad,TCD,..
2016,YR2016,Channel Islands,CHI,..
2016,YR2016,Chile,CHL,6.926
2016,YR2016,China,CHN,..
2016,YR2016,Colombia,COL,8.922
2016,YR2016,Comoros,COM,..
2016,YR2016,"Congo, Dem. Rep.",COD,..
2016,YR2016,"Congo, Rep.",COG,..
2016,YR2016,Costa Rica,CRI,8.085
2016,YR2016,Cote d'Ivoire,CIV,1.896
2016,YR2016,Croatia,HRV,13.103
2016,YR2016,Cuba,CUB,2
2016,YR2016,Curacao,CUW,..
2016,YR2016,Cyprus,CYP,13.006
2016,YR2016,Czechia,CZE,3.952
2016,YR2016,Denmark,DNK,5.989
2016,YR2016,Djibouti,DJI,..
2016,YR2016,Dominica,DMA,..
2016,YR2016,Dominican Republic,DOM,7.284
2016,YR2016,Ecuador,ECU,4.597
2016,YR2016,"Egypt, Arab Rep.",EGY,12.45
2016,YR2016,El Salvador,SLV,4.418
2016,YR2016,Equatorial Guinea,GNQ,..
2016,YR2016,Eritrea,ERI,..
2016,YR2016,Estonia,EST,6.882
2016,YR2016,Eswatini,SWZ,22.718
2016,YR2016,Ethiopia,ETH,..
2016,YR2016,Faroe Islands,FRO,..
2016,YR2016,Fiji,FJI,4.32
2016,YR2016,Finland,FIN,8.818
2016,YR2016,France,FRA,10.057
2016,YR2016,French Polynesia,PYF,..
2016,YR2016,Gabon,GAB,..
2016,YR2016,"Gambia, The",GMB,..
2016,YR2016,Georgia,GEO,16.604
2016,YR2016,Germany,DEU,4.122
2016,YR2016,Ghana,GHA,..
2016,YR2016,Gibraltar,GIB,..
2016,YR2016,Greece,GRC,23.514
2016,YR2016,Greenland,GRL,..
2016,YR2016,Grenada,GRD,..
2016,YR2016,Guam,GUM,5.4
2016,YR2016,Guatemala,GTM,2.583
2016,YR2016,Guinea,GIN,..
2016,YR2016,Guinea-Bissau,GNB,..
2016,YR2016,Guyana,GUY,..
2016,YR2016,Haiti,HTI,..
2016,YR2016,Honduras,HND,6.727
2016,YR2016,"Hong Kong SAR, China",HKG,3.392
2016,YR2016,Hungary,HUN,5.115
2016,YR2016,Iceland,ISL,2.978
2016,YR2016,India,IND,..
2016,YR2016,Indonesia,IDN,4.301
2016,YR2016,"Iran, Islamic Rep.",IRN,12.618
2016,YR2016,Iraq,IRQ,10.82
2016,YR2016,Ireland,IRL,8.374
2016,YR2016,Isle of Man,IMN,2.67
2016,YR2016,Israel,ISR,4.723
2016,YR2016,Italy,ITA,11.688
2016,YR2016,Jamaica,JAM,8.634
2016,YR2016,Japan,JPN,3.132
2016,YR2016,Jordan,JOR,15.275
2016,YR2016,Kazakhstan,KAZ,4.96
2016,YR2016,Kenya,KEN,2.757
2016,YR2016,Kiribati,KIR,..
2016,YR2016,"Korea, Dem. People's Rep.",PRK,..
2016,YR2016,"Korea, Rep.",KOR,3.65
2016,YR2016,Kosovo,XKX,27.491
2016,YR2016,Kuwait,KWT,2.16
2016,YR2016,Kyrgyz Republic,KGZ,3.249
2016,YR2016,Lao PDR,LAO,..
2016,YR2016,Latvia,LVA,9.643
2016,YR2016,Lebanon,LBN,..
2016,YR2016,Lesotho,LSO,..
2016,YR2016,Liberia,LBR,3.081
2016,YR2016,Libya,LBY,..
2016,YR2016,Liechtenstein,LIE,..
2016,YR2016,Lithuania,LTU,7.862
2016,YR2016,Luxembourg,LUX,6.291
2016,YR2016,"Macao SAR, China",MAC,1.939
2016,YR2016,Madagascar,MDG,..
2016,YR2016,Malawi,MWI,..
2016,YR2016,Malaysia,MYS,3.44
2016,YR2016,Maldives,MDV,5.77
2016,YR2016,Mali,MLI,1.367
2016,YR2016,Malta,MLT,4.694
2016,YR2016,Marshall Islands,MHL,..
2016,YR2016,Mauritania,MRT,..
2016,YR2016,Mauritius,MUS,6.814
2016,YR2016,Mexico,MEX,3.853
2016,YR2016,"Micronesia, Fed. Sts.",FSM,..
2016,YR2016,Moldova,MDA,1.591
2016,YR2016,Monaco,MCO,6.33
2016,YR2016,Mongolia,MNG,7.235
2016,YR2016,Montenegro,MNE,17.732
2016,YR2016,Morocco,MAR,9.3
2016,YR2016,Mozambique,MOZ,..
2016,YR2016,Myanmar,MMR,..
2016,YR2016,Namibia,NAM,23.352
2016,YR2016,Nauru,NRU,..
2016,YR2016,Nepal,NPL,..
2016,YR2016,Netherlands,NLD,6.006
2016,YR2016,New Caledonia,NCL,..
2016,YR2016,New Zealand,NZL,5.147
2016,YR2016,Nicaragua,NIC,3.9
2016,YR2016,Niger,NER,..
2016,YR2016,Nigeria,NGA,7.06
2016,YR2016,North Macedonia,MKD,24.297
2016,YR2016,Northern Mariana Islands,MNP,..
2016,YR2016,Norway,NOR,4.679
2016,YR2016,Oman,OMN,3.266
2016,YR2016,Pakistan,PAK,2.286
2016,YR2016,Palau,PLW,..
2016,YR2016,Panama,PAN,4.843
2016,YR2016,Papua New Guinea,PNG,..
2016,YR2016,Paraguay,PRY,5.255
2016,YR2016,Peru,PER,3.741
2016,YR2016,Philippines,PHL,2.695
2016,YR2016,Poland,POL,6.161
2016,YR2016,Portugal,PRT,11.068
2016,YR2016,Puerto Rico,PRI,11.8
2016,YR2016,Qatar,QAT,0.15
2016,YR2016,Romania,ROU,5.901
2016,YR2016,Russian Federation,RUS,5.559
2016,YR2016,Rwanda,RWA,..
2016,YR2016,Samoa,WSM,..
2016,YR2016,San Marino,SMR,6.45
2016,YR2016,Sao Tome and Principe,STP,..
2016,YR2016,Saudi Arabia,SAU,5.6
2016,YR2016,Senegal,SEN,4.455
2016,YR2016,Serbia,SRB,15.257
2016,YR2016,Seychelles,SYC,3.965
2016,YR2016,Sierra Leone,SLE,..
2016,YR2016,Singapore,SGP,4.08
2016,YR2016,Sint Maarten (Dutch part),SXM,..
2016,YR2016,Slovak Republic,SVK,9.679
2016,YR2016,Slovenia,SVN,8.007
2016,YR2016,Solomon Islands,SLB,..
2016,YR2016,Somalia,SOM,..
2016,YR2016,South Africa,ZAF,24.023
2016,YR2016,South Sudan,SSD,..
2016,YR2016,Spain,ESP,19.635
2016,YR2016,Sri Lanka,LKA,4.243
2016,YR2016,St. Kitts and Nevis,KNA,..
2016,YR2016,St. Lucia,LCA,..
2016,YR2016,St. Martin (French part),MAF,..
2016,YR2016,St. Vincent and the Grenadines,VCT,..
2016,YR2016,Sudan,SDN,..
2016,YR2016,Suriname,SUR,7.917
2016,YR2016,Sweden,SWE,6.99
2016,YR2016,Switzerland,CHE,4.918
2016,YR2016,Syrian Arab Republic,SYR,..
2016,YR2016,Tajikistan,TJK,6.9
2016,YR2016,Tanzania,TZA,..
2016,YR2016,Thailand,THA,0.688
2016,YR2016,Timor-Leste,TLS,4.657
2016,YR2016,Togo,TGO,..
2016,YR2016,Tonga,TON,..
2016,YR2016,Trinidad and Tobago,TTO,3.207
2016,YR2016,Tunisia,TUN,15.557
2016,YR2016,Turkiye,TUR,10.899
2016,YR2016,Turkmenistan,TKM,..
2016,YR2016,Turks and Caicos Islands,TCA,..
2016,YR2016,Tuvalu,TUV,8.489
2016,YR2016,Uganda,UGA,..
2016,YR2016,Ukraine,UKR,9.35
2016,YR2016,United Arab Emirates,ARE,1.64
2016,YR2016,United Kingdom,GBR,4.81
2016,YR2016,United States,USA,4.869
2016,YR2016,Uruguay,URY,7.841
2016,YR2016,Uzbekistan,UZB,5.16
2016,YR2016,Vanuatu,VUT,..
2016,YR2016,"Venezuela, RB",VEN,5.319
2016,YR2016,Viet Nam,VNM,1.848
2016,YR2016,Virgin Islands (U.S.),VIR,..
2016,YR2016,West Bank and Gaza,PSE,23.939
2016,YR2016,"Yemen, Rep.",YEM,..
2016,YR2016,Zambia,ZMB,..
2016,YR2016,Zimbabwe,ZWE,..
2017,YR2017,Afghanistan,AFG,11.184
2017,YR2017,Albania,ALB,13.616
2017,YR2017,Algeria,DZA,12
2017,YR2017,American Samoa,ASM,..
2017,YR2017,Andorra,AND,..
2017,YR2017,Angola,AGO,..
2017,YR2017,Antigua and Barbuda,ATG,..
2017,YR2017,Argentina,ARG,8.347
2017,YR2017,Armenia,ARM,17.705
2017,YR2017,Aruba,ABW,..
2017,YR2017,Australia,AUS,5.592
2017,YR2017,Austria,AUT,5.561
2017,YR2017,Azerbaijan,AZE,5
2017,YR2017,"Bahamas, The",BHS,9.8
2017,YR2017,Bahrain,BHR,..
2017,YR2017,Bangladesh,BGD,4.372
2017,YR2017,Barbados,BRB,8.622
2017,YR2017,Belarus,BLR,5.648
2017,YR2017,Belgium,BEL,7.086
2017,YR2017,Belize,BLZ,6.596
2017,YR2017,Benin,BEN,..
2017,YR2017,Bermuda,BMU,..
2017,YR2017,Bhutan,BTN,..
2017,YR2017,Bolivia,BOL,3.655
2017,YR2017,Bosnia and Herzegovina,BIH,20.527
2017,YR2017,Botswana,BWA,..
2017,YR2017,Brazil,BRA,12.792
2017,YR2017,British Virgin Islands,VGB,..
2017,YR2017,Brunei Darussalam,BRN,9.316
2017,YR2017,Bulgaria,BGR,6.164
2017,YR2017,Burkina Faso,BFA,..
2017,YR2017,Burundi,BDI,..
2017,YR2017,Cabo Verde,CPV,12.24
2017,YR2017,Cambodia,KHM,0.141
2017,YR2017,Cameroon,CMR,..
2017,YR2017,Canada,CAN,6.426
2017,YR2017,Cayman Islands,CYM,..
2017,YR2017,Central African Republic,CAF,..
2017,YR2017,Chad,TCD,..
2017,YR2017,Channel Islands,CHI,..
2017,YR2017,Chile,CHL,7.29
2017,YR2017,China,CHN,3.9
2017,YR2017,Colombia,COL,9.086
2017,YR2017,Comoros,COM,..
2017,YR2017,"Congo, Dem. Rep.",COD,..
2017,YR2017,"Congo, Rep.",COG,..
2017,YR2017,Costa Rica,CRI,7.729
2017,YR2017,Cote d'Ivoire,CIV,3.273
2017,YR2017,Croatia,HRV,11.208
2017,YR2017,Cuba,CUB,1.7
2017,YR2017,Curacao,CUW,..
2017,YR2017,Cyprus,CYP,11.155
2017,YR2017,Czechia,CZE,2.893
2017,YR2017,Denmark,DNK,5.833
2017,YR2017,Djibouti,DJI,26.064
2017,YR2017,Dominica,DMA,..
2017,YR2017,Dominican Republic,DOM,5.832
2017,YR2017,Ecuador,ECU,3.836
2017,YR2017,"Egypt, Arab Rep.",EGY,11.767
2017,YR2017,El Salvador,SLV,4.385
2017,YR2017,Equatorial Guinea,GNQ,..
2017,YR2017,Eritrea,ERI,..
2017,YR2017,Estonia,EST,5.807
2017,YR2017,Eswatini,SWZ,..
2017,YR2017,Ethiopia,ETH,..
2017,YR2017,Faroe Islands,FRO,..
2017,YR2017,Fiji,FJI,..
2017,YR2017,Finland,FIN,8.64
2017,YR2017,France,FRA,9.41
2017,YR2017,French Polynesia,PYF,..
2017,YR2017,Gabon,GAB,..
2017,YR2017,"Gambia, The",GMB,..
2017,YR2017,Georgia,GEO,13.939
2017,YR2017,Germany,DEU,3.746
2017,YR2017,Ghana,GHA,3.369
2017,YR2017,Gibraltar,GIB,..
2017,YR2017,Greece,GRC,21.414
2017,YR2017,Greenland,GRL,..
2017,YR2017,Grenada,GRD,..
2017,YR2017,Guam,GUM,..
2017,YR2017,Guatemala,GTM,2.462
2017,YR2017,Guinea,GIN,..
2017,YR2017,Guinea-Bissau,GNB,..
2017,YR2017,Guyana,GUY,..
2017,YR2017,Haiti,HTI,..
2017,YR2017,Honduras,HND,5.528
2017,YR2017,"Hong Kong SAR, China",HKG,3.124
2017,YR2017,Hungary,HUN,4.156
2017,YR2017,Iceland,ISL,2.742
2017,YR2017,India,IND,..
2017,YR2017,Indonesia,IDN,3.783
2017,YR2017,"Iran, Islamic Rep.",IRN,12.232
2017,YR2017,Iraq,IRQ,13.02
2017,YR2017,Ireland,IRL,6.713
2017,YR2017,Isle of Man,IMN,..
2017,YR2017,Israel,ISR,4.14
2017,YR2017,Italy,ITA,11.211
2017,YR2017,Jamaica,JAM,7.399
2017,YR2017,Japan,JPN,2.822
2017,YR2017,Jordan,JOR,18.12
2017,YR2017,Kazakhstan,KAZ,4.9
2017,YR2017,Kenya,KEN,..
2017,YR2017,Kiribati,KIR,..
2017,YR2017,"Korea, Dem. People's Rep.",PRK,..
2017,YR2017,"Korea, Rep.",KOR,3.653
2017,YR2017,Kosovo,XKX,30.344
2017,YR2017,Kuwait,KWT,..
2017,YR2017,Kyrgyz Republic,KGZ,2.655
2017,YR2017,Lao PDR,LAO,3.269
2017,YR2017,Latvia,LVA,8.715
2017,YR2017,Lebanon,LBN,..
2017,YR2017,Lesotho,LSO,..
2017,YR2017,Liberia,LBR,5.947
2017,YR2017,Libya,LBY,..
2017,YR2017,Liechtenstein,LIE,..
2017,YR2017,Lithuania,LTU,7.073
2017,YR2017,Luxembourg,LUX,5.522
2017,YR2017,"Macao SAR, China",MAC,1.987
2017,YR2017,Madagascar,MDG,..
2017,YR2017,Malawi,MWI,3.538
2017,YR2017,Malaysia,MYS,3.41
2017,YR2017,Maldives,MDV,..
2017,YR2017,Mali,MLI,7.414
2017,YR2017,Malta,MLT,4.008
2017,YR2017,Marshall Islands,MHL,..
2017,YR2017,Mauritania,MRT,10.336
2017,YR2017,Mauritius,MUS,6.752
2017,YR2017,Mexico,MEX,3.419
2017,YR2017,"Micronesia, Fed. Sts.",FSM,..
2017,YR2017,Moldova,MDA,1.622
2017,YR2017,Monaco,MCO,..
2017,YR2017,Mongolia,MNG,6.359
2017,YR2017,Montenegro,MNE,16.082
2017,YR2017,Morocco,MAR,..
2017,YR2017,Mozambique,MOZ,..
2017,YR2017,Myanmar,MMR,1.356
2017,YR2017,Namibia,NAM,..
2017,YR2017,Nauru,NRU,..
2017,YR2017,Nepal,NPL,10.66
2017,YR2017,Netherlands,NLD,4.839
2017,YR2017,New Caledonia,NCL,11.676
2017,YR2017,New Zealand,NZL,4.736
2017,YR2017,Nicaragua,NIC,3.3
2017,YR2017,Niger,NER,7.769
2017,YR2017,Nigeria,NGA,8.389
2017,YR2017,North Macedonia,MKD,22.814
2017,YR2017,Northern Mariana Islands,MNP,..
2017,YR2017,Norway,NOR,4.162
2017,YR2017,Oman,OMN,..
2017,YR2017,Pakistan,PAK,..
2017,YR2017,Palau,PLW,..
2017,YR2017,Panama,PAN,5.461
2017,YR2017,Papua New Guinea,PNG,..
2017,YR2017,Paraguay,PRY,6.138
2017,YR2017,Peru,PER,3.691
2017,YR2017,Philippines,PHL,2.552
2017,YR2017,Poland,POL,4.888
2017,YR2017,Portugal,PRT,8.869
2017,YR2017,Puerto Rico,PRI,10.8
2017,YR2017,Qatar,QAT,0.14
2017,YR2017,Romania,ROU,4.927
2017,YR2017,Russian Federation,RUS,5.212
2017,YR2017,Rwanda,RWA,11.875
2017,YR2017,Samoa,WSM,9.4
2017,YR2017,San Marino,SMR,7.89
2017,YR2017,Sao Tome and Principe,STP,..
2017,YR2017,Saudi Arabia,SAU,5.89
2017,YR2017,Senegal,SEN,4.078
2017,YR2017,Serbia,SRB,13.477
2017,YR2017,Seychelles,SYC,3.715
2017,YR2017,Sierra Leone,SLE,..
2017,YR2017,Singapore,SGP,4.2
2017,YR2017,Sint Maarten (Dutch part),SXM,..
2017,YR2017,Slovak Republic,SVK,8.142
2017,YR2017,Slovenia,SVN,6.573
2017,YR2017,Solomon Islands,SLB,..
2017,YR2017,Somalia,SOM,..
2017,YR2017,South Africa,ZAF,23.992
2017,YR2017,South Sudan,SSD,..
2017,YR2017,Spain,ESP,17.224
2017,YR2017,Sri Lanka,LKA,4.046
2017,YR2017,St. Kitts and Nevis,KNA,..
2017,YR2017,St. Lucia,LCA,19.136
2017,YR2017,St. Martin (French part),MAF,..
2017,YR2017,St. Vincent and the Grenadines,VCT,..
2017,YR2017,Sudan,SDN,..
2017,YR2017,Suriname,SUR,..
2017,YR2017,Sweden,SWE,6.718
2017,YR2017,Switzerland,CHE,4.797
2017,YR2017,Syrian Arab Republic,SYR,..
2017,YR2017,Tajikistan,TJK,..
2017,YR2017,Tanzania,TZA,..
2017,YR2017,Thailand,THA,0.83
2017,YR2017,Timor-Leste,TLS,..
2017,YR2017,Togo,TGO,3.744
2017,YR2017,Tonga,TON,..
2017,YR2017,Trinidad and Tobago,TTO,..
2017,YR2017,Tunisia,TUN,15.33
2017,YR2017,Turkiye,TUR,10.919
2017,YR2017,Turkmenistan,TKM,..
2017,YR2017,Turks and Caicos Islands,TCA,..
2017,YR2017,Tuvalu,TUV,26.553
2017,YR2017,Uganda,UGA,3.643
2017,YR2017,Ukraine,UKR,9.5
2017,YR2017,United Arab Emirates,ARE,2.462
2017,YR2017,United Kingdom,GBR,4.33
2017,YR2017,United States,USA,4.355
2017,YR2017,Uruguay,URY,7.89
2017,YR2017,Uzbekistan,UZB,5.83
2017,YR2017,Vanuatu,VUT,..
2017,YR2017,"Venezuela, RB",VEN,5.045
2017,YR2017,Viet Nam,VNM,1.874
2017,YR2017,Virgin Islands (U.S.),VIR,..
2017,YR2017,West Bank and Gaza,PSE,25.677
2017,YR2017,"Yemen, Rep.",YEM,..
2017,YR2017,Zambia,ZMB,8.518
2017,YR2017,Zimbabwe,ZWE,..
2018,YR2018,Afghanistan,AFG,..
2018,YR2018,Albania,ALB,12.304
2018,YR2018,Algeria,DZA,..
2018,YR2018,American Samoa,ASM,..
2018,YR2018,Andorra,AND,..
2018,YR2018,Angola,AGO,..
2018,YR2018,Antigua and Barbuda,ATG,..
2018,YR2018,Argentina,ARG,9.221
2018,YR2018,Armenia,ARM,13.212
2018,YR2018,Aruba,ABW,..
2018,YR2018,Australia,AUS,5.3
2018,YR2018,Austria,AUT,4.933
2018,YR2018,Azerbaijan,AZE,4.9
2018,YR2018,"Bahamas, The",BHS,10
2018,YR2018,Bahrain,BHR,..
2018,YR2018,Bangladesh,BGD,..
2018,YR2018,Barbados,BRB,8.322
2018,YR2018,Belarus,BLR,4.763
2018,YR2018,Belgium,BEL,5.948
2018,YR2018,Belize,BLZ,..
2018,YR2018,Benin,BEN,1.473
2018,YR2018,Bermuda,BMU,..
2018,YR2018,Bhutan,BTN,3.35
2018,YR2018,Bolivia,BOL,3.519
2018,YR2018,Bosnia and Herzegovina,BIH,18.4
2018,YR2018,Botswana,BWA,..
2018,YR2018,Brazil,BRA,12.33
2018,YR2018,British Virgin Islands,VGB,..
2018,YR2018,Brunei Darussalam,BRN,8.7
2018,YR2018,Bulgaria,BGR,5.212
2018,YR2018,Burkina Faso,BFA,4.695
2018,YR2018,Burundi,BDI,..
2018,YR2018,Cabo Verde,CPV,12.17
2018,YR2018,Cambodia,KHM,..
2018,YR2018,Cameroon,CMR,..
2018,YR2018,Canada,CAN,5.837
2018,YR2018,Cayman Islands,CYM,..
2018,YR2018,Central African Republic,CAF,..
2018,YR2018,Chad,TCD,1.135
2018,YR2018,Channel Islands,CHI,..
2018,YR2018,Chile,CHL,7.647
2018,YR2018,China,CHN,4.93
2018,YR2018,Colombia,COL,9.36
2018,YR2018,Comoros,COM,..
2018,YR2018,"Congo, Dem. Rep.",COD,..
2018,YR2018,"Congo, Rep.",COG,..
2018,YR2018,Costa Rica,CRI,9.01
2018,YR2018,Cote d'Ivoire,CIV,..
2018,YR2018,Croatia,HRV,8.432
2018,YR2018,Cuba,CUB,1.7
2018,YR2018,Curacao,CUW,13.43
2018,YR2018,Cyprus,CYP,8.504
2018,YR2018,Czechia,CZE,2.246
2018,YR2018,Denmark,DNK,5.131
2018,YR2018,Djibouti,DJI,..
2018,YR2018,Dominica,DMA,..
2018,YR2018,Dominican Republic,DOM,5.861
2018,YR2018,Ecuador,ECU,3.53
2018,YR2018,"Egypt, Arab Rep.",EGY,9.855
2018,YR2018,El Salvador,SLV,4.006
2018,YR2018,Equatorial Guinea,GNQ,..
2018,YR2018,Eritrea,ERI,..
2018,YR2018,Estonia,EST,5.412
2018,YR2018,Eswatini,SWZ,..
2018,YR2018,Ethiopia,ETH,..
2018,YR2018,Faroe Islands,FRO,..
2018,YR2018,Fiji,FJI,..
2018,YR2018,Finland,FIN,7.361
2018,YR2018,France,FRA,9.018
2018,YR2018,French Polynesia,PYF,..
2018,YR2018,Gabon,GAB,..
2018,YR2018,"Gambia, The",GMB,4.127
2018,YR2018,Georgia,GEO,12.667
2018,YR2018,Germany,DEU,3.384
2018,YR2018,Ghana,GHA,..
2018,YR2018,Gibraltar,GIB,..
2018,YR2018,Greece,GRC,19.179
2018,YR2018,Greenland,GRL,..
2018,YR2018,Grenada,GRD,14.066
2018,YR2018,Guam,GUM,..
2018,YR2018,Guatemala,GTM,2.283
2018,YR2018,Guinea,GIN,..
2018,YR2018,Guinea-Bissau,GNB,3.196
2018,YR2018,Guyana,GUY,14.019
2018,YR2018,Haiti,HTI,..
2018,YR2018,Honduras,HND,5.622
2018,YR2018,"Hong Kong SAR, China",HKG,2.805
2018,YR2018,Hungary,HUN,3.709
2018,YR2018,Iceland,ISL,2.704
2018,YR2018,India,IND,7.652
2018,YR2018,Indonesia,IDN,4.387
2018,YR2018,"Iran, Islamic Rep.",IRN,12.195
2018,YR2018,Iraq,IRQ,..
2018,YR2018,Ireland,IRL,5.741
2018,YR2018,Isle of Man,IMN,..
2018,YR2018,Israel,ISR,3.917
2018,YR2018,Italy,ITA,10.61
2018,YR2018,Jamaica,JAM,5.47
2018,YR2018,Japan,JPN,2.467
2018,YR2018,Jordan,JOR,18.257
2018,YR2018,Kazakhstan,KAZ,4.85
2018,YR2018,Kenya,KEN,..
2018,YR2018,Kiribati,KIR,..
2018,YR2018,"Korea, Dem. People's Rep.",PRK,..
2018,YR2018,"Korea, Rep.",KOR,3.824
2018,YR2018,Kosovo,XKX,27.761
2018,YR2018,Kuwait,KWT,..
2018,YR2018,Kyrgyz Republic,KGZ,3.673
2018,YR2018,Lao PDR,LAO,..
2018,YR2018,Latvia,LVA,7.412
2018,YR2018,Lebanon,LBN,..
2018,YR2018,Lesotho,LSO,..
2018,YR2018,Liberia,LBR,..
2018,YR2018,Libya,LBY,..
2018,YR2018,Liechtenstein,LIE,..
2018,YR2018,Lithuania,LTU,6.147
2018,YR2018,Luxembourg,LUX,5.585
2018,YR2018,"Macao SAR, China",MAC,1.834
2018,YR2018,Madagascar,MDG,..
2018,YR2018,Malawi,MWI,..
2018,YR2018,Malaysia,MYS,3.3
2018,YR2018,Maldives,MDV,..
2018,YR2018,Mali,MLI,1.62
2018,YR2018,Malta,MLT,3.665
2018,YR2018,Marshall Islands,MHL,..
2018,YR2018,Mauritania,MRT,..
2018,YR2018,Mauritius,MUS,6.427
2018,YR2018,Mexico,MEX,3.275
2018,YR2018,"Micronesia, Fed. Sts.",FSM,..
2018,YR2018,Moldova,MDA,1.239
2018,YR2018,Monaco,MCO,..
2018,YR2018,Mongolia,MNG,5.377
2018,YR2018,Montenegro,MNE,15.19
2018,YR2018,Morocco,MAR,..
2018,YR2018,Mozambique,MOZ,..
2018,YR2018,Myanmar,MMR,0.767
2018,YR2018,Namibia,NAM,19.877
2018,YR2018,Nauru,NRU,..
2018,YR2018,Nepal,NPL,..
2018,YR2018,Netherlands,NLD,3.831
2018,YR2018,New Caledonia,NCL,11.702
2018,YR2018,New Zealand,NZL,4.335
2018,YR2018,Nicaragua,NIC,5.2
2018,YR2018,Niger,NER,..
2018,YR2018,Nigeria,NGA,..
2018,YR2018,North Macedonia,MKD,21.2
2018,YR2018,Northern Mariana Islands,MNP,..
2018,YR2018,Norway,NOR,3.8
2018,YR2018,Oman,OMN,1.8
2018,YR2018,Pakistan,PAK,4.083
2018,YR2018,Palau,PLW,..
2018,YR2018,Panama,PAN,5.313
2018,YR2018,Papua New Guinea,PNG,..
2018,YR2018,Paraguay,PRY,6.217
2018,YR2018,Peru,PER,3.492
2018,YR2018,Philippines,PHL,2.338
2018,YR2018,Poland,POL,3.846
2018,YR2018,Portugal,PRT,6.994
2018,YR2018,Puerto Rico,PRI,9.2
2018,YR2018,Qatar,QAT,0.11
2018,YR2018,Romania,ROU,4.187
2018,YR2018,Russian Federation,RUS,4.846
2018,YR2018,Rwanda,RWA,10.759
2018,YR2018,Samoa,WSM,..
2018,YR2018,San Marino,SMR,7.83
2018,YR2018,Sao Tome and Principe,STP,..
2018,YR2018,Saudi Arabia,SAU,6.029
2018,YR2018,Senegal,SEN,3.567
2018,YR2018,Serbia,SRB,12.733
2018,YR2018,Seychelles,SYC,3.528
2018,YR2018,Sierra Leone,SLE,3.193
2018,YR2018,Singapore,SGP,..
2018,YR2018,Sint Maarten (Dutch part),SXM,..
2018,YR2018,Slovak Republic,SVK,6.544
2018,YR2018,Slovenia,SVN,5.116
2018,YR2018,Solomon Islands,SLB,..
2018,YR2018,Somalia,SOM,..
2018,YR2018,South Africa,ZAF,24.218
2018,YR2018,South Sudan,SSD,..
2018,YR2018,Spain,ESP,15.255
2018,YR2018,Sri Lanka,LKA,4.318
2018,YR2018,St. Kitts and Nevis,KNA,..
2018,YR2018,St. Lucia,LCA,19.329
2018,YR2018,St. Martin (French part),MAF,..
2018,YR2018,St. Vincent and the Grenadines,VCT,..
2018,YR2018,Sudan,SDN,..
2018,YR2018,Suriname,SUR,..
2018,YR2018,Sweden,SWE,6.365
2018,YR2018,Switzerland,CHE,4.713
2018,YR2018,Syrian Arab Republic,SYR,..
2018,YR2018,Tajikistan,TJK,..
2018,YR2018,Tanzania,TZA,..
2018,YR2018,Thailand,THA,0.766
2018,YR2018,Timor-Leste,TLS,..
2018,YR2018,Togo,TGO,..
2018,YR2018,Tonga,TON,2.248
2018,YR2018,Trinidad and Tobago,TTO,..
2018,YR2018,Tunisia,TUN,15.459
2018,YR2018,Turkiye,TUR,10.956
2018,YR2018,Turkmenistan,TKM,..
2018,YR2018,Turks and Caicos Islands,TCA,..
2018,YR2018,Tuvalu,TUV,..
2018,YR2018,Uganda,UGA,..
2018,YR2018,Ukraine,UKR,8.799
2018,YR2018,United Arab Emirates,ARE,2.236
2018,YR2018,United Kingdom,GBR,3.996
2018,YR2018,United States,USA,3.896
2018,YR2018,Uruguay,URY,8.336
2018,YR2018,Uzbekistan,UZB,9.35
2018,YR2018,Vanuatu,VUT,..
2018,YR2018,"Venezuela, RB",VEN,..
2018,YR2018,Viet Nam,VNM,1.161
2018,YR2018,Virgin Islands (U.S.),VIR,..
2018,YR2018,West Bank and Gaza,PSE,26.256
2018,YR2018,"Yemen, Rep.",YEM,..
2018,YR2018,Zambia,ZMB,5.031
2018,YR2018,Zimbabwe,ZWE,..
2019,YR2019,Afghanistan,AFG,..
2019,YR2019,Albania,ALB,11.466
2019,YR2019,Algeria,DZA,..
2019,YR2019,American Samoa,ASM,..
2019,YR2019,Andorra,AND,..
2019,YR2019,Angola,AGO,16.497
2019,YR2019,Antigua and Barbuda,ATG,..
2019,YR2019,Argentina,ARG,9.843
2019,YR2019,Armenia,ARM,12.2
2019,YR2019,Aruba,ABW,..
2019,YR2019,Australia,AUS,5.159
2019,YR2019,Austria,AUT,4.56
2019,YR2019,Azerbaijan,AZE,5
2019,YR2019,"Bahamas, The",BHS,..
2019,YR2019,Bahrain,BHR,..
2019,YR2019,Bangladesh,BGD,..
2019,YR2019,Barbados,BRB,8.413
2019,YR2019,Belarus,BLR,4.165
2019,YR2019,Belgium,BEL,5.36
2019,YR2019,Belize,BLZ,9.053
2019,YR2019,Benin,BEN,..
2019,YR2019,Bermuda,BMU,..
2019,YR2019,Bhutan,BTN,2.72
2019,YR2019,Bolivia,BOL,3.682
2019,YR2019,Bosnia and Herzegovina,BIH,15.692
2019,YR2019,Botswana,BWA,20.094
2019,YR2019,Brazil,BRA,11.936
2019,YR2019,British Virgin Islands,VGB,..
2019,YR2019,Brunei Darussalam,BRN,6.6
2019,YR2019,Bulgaria,BGR,4.23
2019,YR2019,Burkina Faso,BFA,..
2019,YR2019,Burundi,BDI,..
2019,YR2019,Cabo Verde,CPV,11.29
2019,YR2019,Cambodia,KHM,0.499
2019,YR2019,Cameroon,CMR,..
2019,YR2019,Canada,CAN,5.69
2019,YR2019,Cayman Islands,CYM,..
2019,YR2019,Central African Republic,CAF,..
2019,YR2019,Chad,TCD,..
2019,YR2019,Channel Islands,CHI,..
2019,YR2019,Chile,CHL,7.533
2019,YR2019,China,CHN,5.15
2019,YR2019,Colombia,COL,10.28
2019,YR2019,Comoros,COM,..
2019,YR2019,"Congo, Dem. Rep.",COD,..
2019,YR2019,"Congo, Rep.",COG,..
2019,YR2019,Costa Rica,CRI,10.807
2019,YR2019,Cote d'Ivoire,CIV,2.401
2019,YR2019,Croatia,HRV,6.617
2019,YR2019,Cuba,CUB,..
2019,YR2019,Curacao,CUW,..
2019,YR2019,Cyprus,CYP,7.155
2019,YR2019,Czechia,CZE,2.015
2019,YR2019,Denmark,DNK,5.018
2019,YR2019,Djibouti,DJI,..
2019,YR2019,Dominica,DMA,..
2019,YR2019,Dominican Republic,DOM,6.356
2019,YR2019,Ecuador,ECU,3.812
2019,YR2019,"Egypt, Arab Rep.",EGY,7.851
2019,YR2019,El Salvador,SLV,4.17
2019,YR2019,Equatorial Guinea,GNQ,..
2019,YR2019,Eritrea,ERI,..
2019,YR2019,Estonia,EST,4.514
2019,YR2019,Eswatini,SWZ,..
2019,YR2019,Ethiopia,ETH,..
2019,YR2019,Faroe Islands,FRO,..
2019,YR2019,Fiji,FJI,..
2019,YR2019,Finland,FIN,6.695
2019,YR2019,France,FRA,8.415
2019,YR2019,French Polynesia,PYF,..
2019,YR2019,Gabon,GAB,..
2019,YR2019,"Gambia, The",GMB,..
2019,YR2019,Georgia,GEO,11.565
2019,YR2019,Germany,DEU,3.136
2019,YR2019,Ghana,GHA,..
2019,YR2019,Gibraltar,GIB,..
2019,YR2019,Greece,GRC,17.045
2019,YR2019,Greenland,GRL,..
2019,YR2019,Grenada,GRD,10.161
2019,YR2019,Guam,GUM,..
2019,YR2019,Guatemala,GTM,2.193
2019,YR2019,Guinea,GIN,5.018
2019,YR2019,Guinea-Bissau,GNB,..
2019,YR2019,Guyana,GUY,13.525
2019,YR2019,Haiti,HTI,..
2019,YR2019,Honduras,HND,5.551
2019,YR2019,"Hong Kong SAR, China",HKG,2.917
2019,YR2019,Hungary,HUN,3.419
2019,YR2019,Iceland,ISL,3.507
2019,YR2019,India,IND,6.51
2019,YR2019,Indonesia,IDN,3.59
2019,YR2019,"Iran, Islamic Rep.",IRN,10.74
2019,YR2019,Iraq,IRQ,..
2019,YR2019,Ireland,IRL,4.95
2019,YR2019,Isle of Man,IMN,..
2019,YR2019,Israel,ISR,3.731
2019,YR2019,Italy,ITA,9.952
2019,YR2019,Jamaica,JAM,4.987
2019,YR2019,Japan,JPN,2.351
2019,YR2019,Jordan,JOR,16.801
2019,YR2019,Kazakhstan,KAZ,4.8
2019,YR2019,Kenya,KEN,5.014
2019,YR2019,Kiribati,KIR,8.557
2019,YR2019,"Korea, Dem. People's Rep.",PRK,..
2019,YR2019,"Korea, Rep.",KOR,3.746
2019,YR2019,Kosovo,XKX,25.069
2019,YR2019,Kuwait,KWT,..
2019,YR2019,Kyrgyz Republic,KGZ,4.252
2019,YR2019,Lao PDR,LAO,..
2019,YR2019,Latvia,LVA,6.312
2019,YR2019,Lebanon,LBN,11.301
2019,YR2019,Lesotho,LSO,16.876
2019,YR2019,Liberia,LBR,..
2019,YR2019,Libya,LBY,..
2019,YR2019,Liechtenstein,LIE,..
2019,YR2019,Lithuania,LTU,6.255
2019,YR2019,Luxembourg,LUX,5.595
2019,YR2019,"Macao SAR, China",MAC,1.749
2019,YR2019,Madagascar,MDG,..
2019,YR2019,Malawi,MWI,..
2019,YR2019,Malaysia,MYS,3.26
2019,YR2019,Maldives,MDV,4.562
2019,YR2019,Mali,MLI,..
2019,YR2019,Malta,MLT,3.627
2019,YR2019,Marshall Islands,MHL,6.342
2019,YR2019,Mauritania,MRT,10.416
2019,YR2019,Mauritius,MUS,6.331
2019,YR2019,Mexico,MEX,3.477
2019,YR2019,"Micronesia, Fed. Sts.",FSM,..
2019,YR2019,Moldova,MDA,1.502
2019,YR2019,Monaco,MCO,..
2019,YR2019,Mongolia,MNG,9.269
2019,YR2019,Montenegro,MNE,15.128
2019,YR2019,Morocco,MAR,..
2019,YR2019,Mozambique,MOZ,..
2019,YR2019,Myanmar,MMR,0.407
2019,YR2019,Namibia,NAM,..
2019,YR2019,Nauru,NRU,..
2019,YR2019,Nepal,NPL,..
2019,YR2019,Netherlands,NLD,3.38
2019,YR2019,New Caledonia,NCL,10.881
2019,YR2019,New Zealand,NZL,4.109
2019,YR2019,Nicaragua,NIC,..
2019,YR2019,Niger,NER,0.544
2019,YR2019,Nigeria,NGA,10.695
2019,YR2019,North Macedonia,MKD,17.393
2019,YR2019,Northern Mariana Islands,MNP,..
2019,YR2019,Norway,NOR,3.687
2019,YR2019,Oman,OMN,..
2019,YR2019,Pakistan,PAK,4.83
2019,YR2019,Palau,PLW,..
2019,YR2019,Panama,PAN,6.409
2019,YR2019,Papua New Guinea,PNG,..
2019,YR2019,Paraguay,PRY,6.595
2019,YR2019,Peru,PER,3.379
2019,YR2019,Philippines,PHL,2.237
2019,YR2019,Poland,POL,3.277
2019,YR2019,Portugal,PRT,6.464
2019,YR2019,Puerto Rico,PRI,8.3
2019,YR2019,Qatar,QAT,0.1
2019,YR2019,Romania,ROU,3.912
2019,YR2019,Russian Federation,RUS,4.496
2019,YR2019,Rwanda,RWA,11.236
2019,YR2019,Samoa,WSM,..
2019,YR2019,San Marino,SMR,7.54
2019,YR2019,Sao Tome and Principe,STP,..
2019,YR2019,Saudi Arabia,SAU,5.636
2019,YR2019,Senegal,SEN,2.863
2019,YR2019,Serbia,SRB,10.395
2019,YR2019,Seychelles,SYC,2.966
2019,YR2019,Sierra Leone,SLE,..
2019,YR2019,Singapore,SGP,3.1
2019,YR2019,Sint Maarten (Dutch part),SXM,..
2019,YR2019,Slovak Republic,SVK,5.761
2019,YR2019,Slovenia,SVN,4.448
2019,YR2019,Solomon Islands,SLB,..
2019,YR2019,Somalia,SOM,18.828
2019,YR2019,South Africa,ZAF,25.538
2019,YR2019,South Sudan,SSD,..
2019,YR2019,Spain,ESP,14.104
2019,YR2019,Sri Lanka,LKA,4.67
2019,YR2019,St. Kitts and Nevis,KNA,..
2019,YR2019,St. Lucia,LCA,15.613
2019,YR2019,St. Martin (French part),MAF,..
2019,YR2019,St. Vincent and the Grenadines,VCT,..
2019,YR2019,Sudan,SDN,..
2019,YR2019,Suriname,SUR,..
2019,YR2019,Sweden,SWE,6.833
2019,YR2019,Switzerland,CHE,4.394
2019,YR2019,Syrian Arab Republic,SYR,..
2019,YR2019,Tajikistan,TJK,..
2019,YR2019,Tanzania,TZA,..
2019,YR2019,Thailand,THA,0.716
2019,YR2019,Timor-Leste,TLS,..
2019,YR2019,Togo,TGO,2.056
2019,YR2019,Tonga,TON,..
2019,YR2019,Trinidad and Tobago,TTO,3.523
2019,YR2019,Tunisia,TUN,17.153
2019,YR2019,Turkiye,TUR,13.73
2019,YR2019,Turkmenistan,TKM,..
2019,YR2019,Turks and Caicos Islands,TCA,..
2019,YR2019,Tuvalu,TUV,..
2019,YR2019,Uganda,UGA,2.563
2019,YR2019,Ukraine,UKR,8.194
2019,YR2019,United Arab Emirates,ARE,2.331
2019,YR2019,United Kingdom,GBR,3.737
2019,YR2019,United States,USA,3.669
2019,YR2019,Uruguay,URY,8.734
2019,YR2019,Uzbekistan,UZB,8.98
2019,YR2019,Vanuatu,VUT,5.445
2019,YR2019,"Venezuela, RB",VEN,..
2019,YR2019,Viet Nam,VNM,1.681
2019,YR2019,Virgin Islands (U.S.),VIR,..
2019,YR2019,West Bank and Gaza,PSE,25.34
2019,YR2019,"Yemen, Rep.",YEM,..
2019,YR2019,Zambia,ZMB,5.539
2019,YR2019,Zimbabwe,ZWE,7.373
2020,YR2020,Afghanistan,AFG,11.71
2020,YR2020,Albania,ALB,..
2020,YR2020,Algeria,DZA,..
2020,YR2020,American Samoa,ASM,..
2020,YR2020,Andorra,AND,..
2020,YR2020,Angola,AGO,..
2020,YR2020,Antigua and Barbuda,ATG,..
2020,YR2020,Argentina,ARG,11.461
2020,YR2020,Armenia,ARM,12.18
2020,YR2020,Aruba,ABW,..
2020,YR2020,Australia,AUS,6.456
2020,YR2020,Austria,AUT,5.201
2020,YR2020,Azerbaijan,AZE,7.24
2020,YR2020,"Bahamas, The",BHS,..
2020,YR2020,Bahrain,BHR,..
2020,YR2020,Bangladesh,BGD,..
2020,YR2020,Barbados,BRB,..
2020,YR2020,Belarus,BLR,4.049
2020,YR2020,Belgium,BEL,5.555
2020,YR2020,Belize,BLZ,..
2020,YR2020,Benin,BEN,..
2020,YR2020,Bermuda,BMU,..
2020,YR2020,Bhutan,BTN,5.03
2020,YR2020,Bolivia,BOL,7.903
2020,YR2020,Bosnia and Herzegovina,BIH,15.868
2020,YR2020,Botswana,BWA,21.017
2020,YR2020,Brazil,BRA,13.697
2020,YR2020,British Virgin Islands,VGB,..
2020,YR2020,Brunei Darussalam,BRN,7.409
2020,YR2020,Bulgaria,BGR,5.125
2020,YR2020,Burkina Faso,BFA,..
2020,YR2020,Burundi,BDI,1.03
2020,YR2020,Cabo Verde,CPV,..
2020,YR2020,Cambodia,KHM,0.172
2020,YR2020,Cameroon,CMR,..
2020,YR2020,Canada,CAN,9.657
2020,YR2020,Cayman Islands,CYM,..
2020,YR2020,Central African Republic,CAF,..
2020,YR2020,Chad,TCD,..
2020,YR2020,Channel Islands,CHI,..
2020,YR2020,Chile,CHL,11.006
2020,YR2020,China,CHN,5.61
2020,YR2020,Colombia,COL,15.983
2020,YR2020,Comoros,COM,..
2020,YR2020,"Congo, Dem. Rep.",COD,1.466
2020,YR2020,"Congo, Rep.",COG,..
2020,YR2020,Costa Rica,CRI,16.432
2020,YR2020,Cote d'Ivoire,CIV,..
2020,YR2020,Croatia,HRV,7.507
2020,YR2020,Cuba,CUB,..
2020,YR2020,Curacao,CUW,19.07
2020,YR2020,Cyprus,CYP,7.755
2020,YR2020,Czechia,CZE,2.551
2020,YR2020,Denmark,DNK,5.637
2020,YR2020,Djibouti,DJI,..
2020,YR2020,Dominica,DMA,..
2020,YR2020,Dominican Republic,DOM,6.126
2020,YR2020,Ecuador,ECU,6.127
2020,YR2020,"Egypt, Arab Rep.",EGY,7.974
2020,YR2020,El Salvador,SLV,5.008
2020,YR2020,Equatorial Guinea,GNQ,..
2020,YR2020,Eritrea,ERI,..
2020,YR2020,Estonia,EST,6.956
2020,YR2020,Eswatini,SWZ,..
2020,YR2020,Ethiopia,ETH,..
2020,YR2020,Faroe Islands,FRO,..
2020,YR2020,Fiji,FJI,..
2020,YR2020,Finland,FIN,7.759
2020,YR2020,France,FRA,8.01
2020,YR2020,French Polynesia,PYF,..
2020,YR2020,Gabon,GAB,..
2020,YR2020,"Gambia, The",GMB,..
2020,YR2020,Georgia,GEO,11.734
2020,YR2020,Germany,DEU,3.856
2020,YR2020,Ghana,GHA,..
2020,YR2020,Gibraltar,GIB,..
2020,YR2020,Greece,GRC,15.899
2020,YR2020,Greenland,GRL,..
2020,YR2020,Grenada,GRD,13.464
2020,YR2020,Guam,GUM,..
2020,YR2020,Guatemala,GTM,..
2020,YR2020,Guinea,GIN,..
2020,YR2020,Guinea-Bissau,GNB,..
2020,YR2020,Guyana,GUY,..
2020,YR2020,Haiti,HTI,..
2020,YR2020,Honduras,HND,10.679
2020,YR2020,"Hong Kong SAR, China",HKG,5.808
2020,YR2020,Hungary,HUN,4.25
2020,YR2020,Iceland,ISL,5.478
2020,YR2020,India,IND,7.859
2020,YR2020,Indonesia,IDN,4.255
2020,YR2020,"Iran, Islamic Rep.",IRN,9.687
2020,YR2020,Iraq,IRQ,..
2020,YR2020,Ireland,IRL,5.623
2020,YR2020,Isle of Man,IMN,..
2020,YR2020,Israel,ISR,4.169
2020,YR2020,Italy,ITA,9.164
2020,YR2020,Jamaica,JAM,6.501
2020,YR2020,Japan,JPN,2.809
2020,YR2020,Jordan,JOR,19.213
2020,YR2020,Kazakhstan,KAZ,4.89
2020,YR2020,Kenya,KEN,..
2020,YR2020,Kiribati,KIR,10.971
2020,YR2020,"Korea, Dem. People's Rep.",PRK,..
2020,YR2020,"Korea, Rep.",KOR,3.931
2020,YR2020,Kosovo,XKX,25.459
2020,YR2020,Kuwait,KWT,..
2020,YR2020,Kyrgyz Republic,KGZ,4.63
2020,YR2020,Lao PDR,LAO,..
2020,YR2020,Latvia,LVA,8.098
2020,YR2020,Lebanon,LBN,..
2020,YR2020,Lesotho,LSO,..
2020,YR2020,Liberia,LBR,..
2020,YR2020,Libya,LBY,..
2020,YR2020,Liechtenstein,LIE,..
2020,YR2020,Lithuania,LTU,8.487
2020,YR2020,Luxembourg,LUX,6.773
2020,YR2020,"Macao SAR, China",MAC,2.566
2020,YR2020,Madagascar,MDG,..
2020,YR2020,Malawi,MWI,0.907
2020,YR2020,Malaysia,MYS,4.54
2020,YR2020,Maldives,MDV,..
2020,YR2020,Mali,MLI,3.528
2020,YR2020,Malta,MLT,4.357
2020,YR2020,Marshall Islands,MHL,..
2020,YR2020,Mauritania,MRT,..
2020,YR2020,Mauritius,MUS,8.627
2020,YR2020,Mexico,MEX,4.441
2020,YR2020,"Micronesia, Fed. Sts.",FSM,..
2020,YR2020,Moldova,MDA,1.206
2020,YR2020,Monaco,MCO,..
2020,YR2020,Mongolia,MNG,6.594
2020,YR2020,Montenegro,MNE,17.878
2020,YR2020,Morocco,MAR,..
2020,YR2020,Mozambique,MOZ,..
2020,YR2020,Myanmar,MMR,1.476
2020,YR2020,Namibia,NAM,..
2020,YR2020,Nauru,NRU,..
2020,YR2020,Nepal,NPL,..
2020,YR2020,Netherlands,NLD,3.819
2020,YR2020,New Caledonia,NCL,13.558
2020,YR2020,New Zealand,NZL,4.595
2020,YR2020,Nicaragua,NIC,..
2020,YR2020,Niger,NER,..
2020,YR2020,Nigeria,NGA,..
2020,YR2020,North Macedonia,MKD,16.553
2020,YR2020,Northern Mariana Islands,MNP,..
2020,YR2020,Norway,NOR,4.422
2020,YR2020,Oman,OMN,2.94
2020,YR2020,Pakistan,PAK,..
2020,YR2020,Palau,PLW,0.765
2020,YR2020,Panama,PAN,18.548
2020,YR2020,Papua New Guinea,PNG,..
2020,YR2020,Paraguay,PRY,7.548
2020,YR2020,Peru,PER,7.179
2020,YR2020,Philippines,PHL,2.522
2020,YR2020,Poland,POL,3.162
2020,YR2020,Portugal,PRT,6.796
2020,YR2020,Puerto Rico,PRI,..
2020,YR2020,Qatar,QAT,0.14
2020,YR2020,Romania,ROU,5.035
2020,YR2020,Russian Federation,RUS,5.589
2020,YR2020,Rwanda,RWA,11.829
2020,YR2020,Samoa,WSM,..
2020,YR2020,San Marino,SMR,7.23
2020,YR2020,Sao Tome and Principe,STP,..
2020,YR2020,Saudi Arabia,SAU,7.66
2020,YR2020,Senegal,SEN,..
2020,YR2020,Serbia,SRB,9.011
2020,YR2020,Seychelles,SYC,4.311
2020,YR2020,Sierra Leone,SLE,..
2020,YR2020,Singapore,SGP,4.1
2020,YR2020,Sint Maarten (Dutch part),SXM,..
2020,YR2020,Slovak Republic,SVK,6.719
2020,YR2020,Slovenia,SVN,4.974
2020,YR2020,Solomon Islands,SLB,..
2020,YR2020,Somalia,SOM,..
2020,YR2020,South Africa,ZAF,24.339
2020,YR2020,South Sudan,SSD,..
2020,YR2020,Spain,ESP,15.532
2020,YR2020,Sri Lanka,LKA,5.365
2020,YR2020,St. Kitts and Nevis,KNA,..
2020,YR2020,St. Lucia,LCA,25.225
2020,YR2020,St. Martin (French part),MAF,..
2020,YR2020,St. Vincent and the Grenadines,VCT,..
2020,YR2020,Sudan,SDN,..
2020,YR2020,Suriname,SUR,..
2020,YR2020,Sweden,SWE,8.291
2020,YR2020,Switzerland,CHE,4.817
2020,YR2020,Syrian Arab Republic,SYR,..
2020,YR2020,Tajikistan,TJK,..
2020,YR2020,Tanzania,TZA,2.781
2020,YR2020,Thailand,THA,1.099
2020,YR2020,Timor-Leste,TLS,..
2020,YR2020,Togo,TGO,..
2020,YR2020,Tonga,TON,..
2020,YR2020,Trinidad and Tobago,TTO,4.206
2020,YR2020,Tunisia,TUN,..
2020,YR2020,Turkiye,TUR,13.148
2020,YR2020,Turkmenistan,TKM,..
2020,YR2020,Turks and Caicos Islands,TCA,..
2020,YR2020,Tuvalu,TUV,..
2020,YR2020,Uganda,UGA,..
2020,YR2020,Ukraine,UKR,9.475
2020,YR2020,United Arab Emirates,ARE,4.294
2020,YR2020,United Kingdom,GBR,..
2020,YR2020,United States,USA,8.055
2020,YR2020,Uruguay,URY,10.33
2020,YR2020,Uzbekistan,UZB,5.293
2020,YR2020,Vanuatu,VUT,4.046
2020,YR2020,"Venezuela, RB",VEN,7.53
2020,YR2020,Viet Nam,VNM,2.103
2020,YR2020,Virgin Islands (U.S.),VIR,..
2020,YR2020,West Bank and Gaza,PSE,25.895
2020,YR2020,"Yemen, Rep.",YEM,..
2020,YR2020,Zambia,ZMB,6.032
2020,YR2020,Zimbabwe,ZWE,..
2021,YR2021,Afghanistan,AFG,5.58
2021,YR2021,Albania,ALB,..
2021,YR2021,Algeria,DZA,..
2021,YR2021,American Samoa,ASM,..
2021,YR2021,Andorra,AND,..
2021,YR2021,Angola,AGO,15.799
2021,YR2021,Antigua and Barbuda,ATG,..
2021,YR2021,Argentina,ARG,8.736
2021,YR2021,Armenia,ARM,10.012
2021,YR2021,Aruba,ABW,..
2021,YR2021,Australia,AUS,5.116
2021,YR2021,Austria,AUT,6.459
2021,YR2021,Azerbaijan,AZE,6.04
2021,YR2021,"Bahamas, The",BHS,..
2021,YR2021,Bahrain,BHR,..
2021,YR2021,Bangladesh,BGD,..
2021,YR2021,Barbados,BRB,..
2021,YR2021,Belarus,BLR,3.9
2021,YR2021,Belgium,BEL,6.264
2021,YR2021,Belize,BLZ,10.157
2021,YR2021,Benin,BEN,..
2021,YR2021,Bermuda,BMU,..
2021,YR2021,Bhutan,BTN,4.804
2021,YR2021,Bolivia,BOL,5.089
2021,YR2021,Bosnia and Herzegovina,BIH,14.897
2021,YR2021,Botswana,BWA,23.106
2021,YR2021,Brazil,BRA,13.159
2021,YR2021,British Virgin Islands,VGB,..
2021,YR2021,Brunei Darussalam,BRN,4.905
2021,YR2021,Bulgaria,BGR,5.267
2021,YR2021,Burkina Faso,BFA,..
2021,YR2021,Burundi,BDI,..
2021,YR2021,Cabo Verde,CPV,..
2021,YR2021,Cambodia,KHM,0.396
2021,YR2021,Cameroon,CMR,6.14
2021,YR2021,Canada,CAN,7.527
2021,YR2021,Cayman Islands,CYM,..
2021,YR2021,Central African Republic,CAF,..
2021,YR2021,Chad,TCD,..
2021,YR2021,Channel Islands,CHI,..
2021,YR2021,Chile,CHL,9.325
2021,YR2021,China,CHN,5.11
2021,YR2021,Colombia,COL,13.898
2021,YR2021,Comoros,COM,5.857
2021,YR2021,"Congo, Dem. Rep.",COD,..
2021,YR2021,"Congo, Rep.",COG,..
2021,YR2021,Costa Rica,CRI,15.139
2021,YR2021,Cote d'Ivoire,CIV,..
2021,YR2021,Croatia,HRV,7.608
2021,YR2021,Cuba,CUB,..
2021,YR2021,Curacao,CUW,..
2021,YR2021,Cyprus,CYP,7.513
2021,YR2021,Czechia,CZE,2.803
2021,YR2021,Denmark,DNK,5.043
2021,YR2021,Djibouti,DJI,..
2021,YR2021,Dominica,DMA,..
2021,YR2021,Dominican Republic,DOM,7.702
2021,YR2021,Ecuador,ECU,4.552
2021,YR2021,"Egypt, Arab Rep.",EGY,7.441
2021,YR2021,El Salvador,SLV,4.327
2021,YR2021,Equatorial Guinea,GNQ,..
2021,YR2021,Eritrea,ERI,..
2021,YR2021,Estonia,EST,6.178
2021,YR2021,Eswatini,SWZ,31.448
2021,YR2021,Ethiopia,ETH,3.935
2021,YR2021,Faroe Islands,FRO,..
2021,YR2021,Fiji,FJI,..
2021,YR2021,Finland,FIN,7.606
2021,YR2021,France,FRA,7.874
2021,YR2021,French Polynesia,PYF,..
2021,YR2021,Gabon,GAB,..
2021,YR2021,"Gambia, The",GMB,..
2021,YR2021,Georgia,GEO,..
2021,YR2021,Germany,DEU,3.638
2021,YR2021,Ghana,GHA,..
2021,YR2021,Gibraltar,GIB,..
2021,YR2021,Greece,GRC,14.657
2021,YR2021,Greenland,GRL,..
2021,YR2021,Grenada,GRD,..
2021,YR2021,Guam,GUM,..
2021,YR2021,Guatemala,GTM,2.174
2021,YR2021,Guinea,GIN,..
2021,YR2021,Guinea-Bissau,GNB,..
2021,YR2021,Guyana,GUY,..
2021,YR2021,Haiti,HTI,..
2021,YR2021,Honduras,HND,7.94
2021,YR2021,"Hong Kong SAR, China",HKG,5.174
2021,YR2021,Hungary,HUN,4.045
2021,YR2021,Iceland,ISL,6.029
2021,YR2021,India,IND,6.38
2021,YR2021,Indonesia,IDN,3.827
2021,YR2021,"Iran, Islamic Rep.",IRN,9.282
2021,YR2021,Iraq,IRQ,16.173
2021,YR2021,Ireland,IRL,6.194
2021,YR2021,Isle of Man,IMN,..
2021,YR2021,Israel,ISR,4.812
2021,YR2021,Italy,ITA,9.497
2021,YR2021,Jamaica,JAM,5.188
2021,YR2021,Japan,JPN,2.828
2021,YR2021,Jordan,JOR,19.837
2021,YR2021,Kazakhstan,KAZ,..
2021,YR2021,Kenya,KEN,5.693
2021,YR2021,Kiribati,KIR,..
2021,YR2021,"Korea, Dem. People's Rep.",PRK,..
2021,YR2021,"Korea, Rep.",KOR,3.639
2021,YR2021,Kosovo,XKX,20.392
2021,YR2021,Kuwait,KWT,..
2021,YR2021,Kyrgyz Republic,KGZ,4.096
2021,YR2021,Lao PDR,LAO,..
2021,YR2021,Latvia,LVA,7.513
2021,YR2021,Lebanon,LBN,..
2021,YR2021,Lesotho,LSO,..
2021,YR2021,Liberia,LBR,..
2021,YR2021,Libya,LBY,..
2021,YR2021,Liechtenstein,LIE,..
2021,YR2021,Lithuania,LTU,7.112
2021,YR2021,Luxembourg,LUX,5.247
2021,YR2021,"Macao SAR, China",MAC,..
2021,YR2021,Madagascar,MDG,..
2021,YR2021,Malawi,MWI,..
2021,YR2021,Malaysia,MYS,4.64
2021,YR2021,Maldives,MDV,..
2021,YR2021,Mali,MLI,..
2021,YR2021,Malta,MLT,3.403
2021,YR2021,Marshall Islands,MHL,9.823
2021,YR2021,Mauritania,MRT,..
2021,YR2021,Mauritius,MUS,7.719
2021,YR2021,Mexico,MEX,4.019
2021,YR2021,"Micronesia, Fed. Sts.",FSM,..
2021,YR2021,Moldova,MDA,0.794
2021,YR2021,Monaco,MCO,..
2021,YR2021,Mongolia,MNG,7.747
2021,YR2021,Montenegro,MNE,16.543
2021,YR2021,Morocco,MAR,12.28
2021,YR2021,Mozambique,MOZ,..
2021,YR2021,Myanmar,MMR,..
2021,YR2021,Namibia,NAM,..
2021,YR2021,Nauru,NRU,5.056
2021,YR2021,Nepal,NPL,..
2021,YR2021,Netherlands,NLD,4.21
2021,YR2021,New Caledonia,NCL,..
2021,YR2021,New Zealand,NZL,3.776
2021,YR2021,Nicaragua,NIC,..
2021,YR2021,Niger,NER,..
2021,YR2021,Nigeria,NGA,..
2021,YR2021,North Macedonia,MKD,15.779
2021,YR2021,Northern Mariana Islands,MNP,..
2021,YR2021,Norway,NOR,4.369
2021,YR2021,Oman,OMN,1.9
2021,YR2021,Pakistan,PAK,6.338
2021,YR2021,Palau,PLW,..
2021,YR2021,Panama,PAN,10.293
2021,YR2021,Papua New Guinea,PNG,..
2021,YR2021,Paraguay,PRY,7.311
2021,YR2021,Peru,PER,5.097
2021,YR2021,Philippines,PHL,3.398
2021,YR2021,Poland,POL,3.363
2021,YR2021,Portugal,PRT,6.577
2021,YR2021,Puerto Rico,PRI,7.9
2021,YR2021,Qatar,QAT,0.14
2021,YR2021,Romania,ROU,5.59
2021,YR2021,Russian Federation,RUS,4.715
2021,YR2021,Rwanda,RWA,15.793
2021,YR2021,Samoa,WSM,..
2021,YR2021,San Marino,SMR,6.34
2021,YR2021,Sao Tome and Principe,STP,..
2021,YR2021,Saudi Arabia,SAU,6.621
2021,YR2021,Senegal,SEN,..
2021,YR2021,Serbia,SRB,10.061
2021,YR2021,Seychelles,SYC,..
2021,YR2021,Sierra Leone,SLE,..
2021,YR2021,Singapore,SGP,4.64
2021,YR2021,Sint Maarten (Dutch part),SXM,..
2021,YR2021,Slovak Republic,SVK,6.894
2021,YR2021,Slovenia,SVN,4.747
2021,YR2021,Solomon Islands,SLB,..
2021,YR2021,Somalia,SOM,..
2021,YR2021,South Africa,ZAF,28.77
2021,YR2021,South Sudan,SSD,..
2021,YR2021,Spain,ESP,14.781
2021,YR2021,Sri Lanka,LKA,..
2021,YR2021,St. Kitts and Nevis,KNA,..
2021,YR2021,St. Lucia,LCA,20.514
2021,YR2021,St. Martin (French part),MAF,..
2021,YR2021,St. Vincent and the Grenadines,VCT,..
2021,YR2021,Sudan,SDN,..
2021,YR2021,Suriname,SUR,..
2021,YR2021,Sweden,SWE,8.722
2021,YR2021,Switzerland,CHE,5.097
2021,YR2021,Syrian Arab Republic,SYR,..
2021,YR2021,Tajikistan,TJK,..
2021,YR2021,Tanzania,TZA,..
2021,YR2021,Thailand,THA,1.215
2021,YR2021,Timor-Leste,TLS,2.344
2021,YR2021,Togo,TGO,..
2021,YR2021,Tonga,TON,3.066
2021,YR2021,Trinidad and Tobago,TTO,4.446
2021,YR2021,Tunisia,TUN,..
2021,YR2021,Turkiye,TUR,11.969
2021,YR2021,Turkmenistan,TKM,..
2021,YR2021,Turks and Caicos Islands,TCA,..
2021,YR2021,Tuvalu,TUV,..
2021,YR2021,Uganda,UGA,3.422
2021,YR2021,Ukraine,UKR,9.834
2021,YR2021,United Arab Emirates,ARE,3.105
2021,YR2021,United Kingdom,GBR,..
2021,YR2021,United States,USA,5.349
2021,YR2021,Uruguay,URY,9.301
2021,YR2021,Uzbekistan,UZB,..
2021,YR2021,Vanuatu,VUT,..
2021,YR2021,"Venezuela, RB",VEN,..
2021,YR2021,Viet Nam,VNM,2.385
2021,YR2021,Virgin Islands (U.S.),VIR,..
2021,YR2021,West Bank and Gaza,PSE,26.39
2021,YR2021,"Yemen, Rep.",YEM,..
2021,YR2021,Zambia,ZMB,5.195
2021,YR2021,Zimbabwe,ZWE,9.54
2022,YR2022,Afghanistan,AFG,..
2022,YR2022,Albania,ALB,..
2022,YR2022,Algeria,DZA,..
2022,YR2022,American Samoa,ASM,..
2022,YR2022,Andorra,AND,..
2022,YR2022,Angola,AGO,..
2022,YR2022,Antigua and Barbuda,ATG,..
2022,YR2022,Argentina,ARG,6.805
2022,YR2022,Armenia,ARM,..
2022,YR2022,Aruba,ABW,..
2022,YR2022,Australia,AUS,3.701
2022,YR2022,Austria,AUT,4.992
2022,YR2022,Azerbaijan,AZE,5.65
2022,YR2022,"Bahamas, The",BHS,..
2022,YR2022,Bahrain,BHR,..
2022,YR2022,Bangladesh,BGD,5.247
2022,YR2022,Barbados,BRB,..
2022,YR2022,Belarus,BLR,3.574
2022,YR2022,Belgium,BEL,5.558
2022,YR2022,Belize,BLZ,..
2022,YR2022,Benin,BEN,..
2022,YR2022,Bermuda,BMU,..
2022,YR2022,Bhutan,BTN,5.947
2022,YR2022,Bolivia,BOL,3.552
2022,YR2022,Bosnia and Herzegovina,BIH,12.657
2022,YR2022,Botswana,BWA,23.615
2022,YR2022,Brazil,BRA,9.231
2022,YR2022,British Virgin Islands,VGB,..
2022,YR2022,Brunei Darussalam,BRN,5.191
2022,YR2022,Bulgaria,BGR,4.268
2022,YR2022,Burkina Faso,BFA,..
2022,YR2022,Burundi,BDI,..
2022,YR2022,Cabo Verde,CPV,..
2022,YR2022,Cambodia,KHM,..
2022,YR2022,Cameroon,CMR,..
2022,YR2022,Canada,CAN,5.28
2022,YR2022,Cayman Islands,CYM,..
2022,YR2022,Central African Republic,CAF,..
2022,YR2022,Chad,TCD,..
2022,YR2022,Channel Islands,CHI,..
2022,YR2022,Chile,CHL,8.299
2022,YR2022,China,CHN,..
2022,YR2022,Colombia,COL,10.547
2022,YR2022,Comoros,COM,..
2022,YR2022,"Congo, Dem. Rep.",COD,..
2022,YR2022,"Congo, Rep.",COG,..
2022,YR2022,Costa Rica,CRI,11.325
2022,YR2022,Cote d'Ivoire,CIV,..
2022,YR2022,Croatia,HRV,6.96
2022,YR2022,Cuba,CUB,..
2022,YR2022,Curacao,CUW,..
2022,YR2022,Cyprus,CYP,6.807
2022,YR2022,Czechia,CZE,2.224
2022,YR2022,Denmark,DNK,4.434
2022,YR2022,Djibouti,DJI,..
2022,YR2022,Dominica,DMA,..
2022,YR2022,Dominican Republic,DOM,5.504
2022,YR2022,Ecuador,ECU,3.761
2022,YR2022,"Egypt, Arab Rep.",EGY,..
2022,YR2022,El Salvador,SLV,2.999
2022,YR2022,Equatorial Guinea,GNQ,..
2022,YR2022,Eritrea,ERI,..
2022,YR2022,Estonia,EST,5.571
2022,YR2022,Eswatini,SWZ,..
2022,YR2022,Ethiopia,ETH,..
2022,YR2022,Faroe Islands,FRO,..
2022,YR2022,Fiji,FJI,..
2022,YR2022,Finland,FIN,6.719
2022,YR2022,France,FRA,7.308
2022,YR2022,French Polynesia,PYF,..
2022,YR2022,Gabon,GAB,..
2022,YR2022,"Gambia, The",GMB,..
2022,YR2022,Georgia,GEO,..
2022,YR2022,Germany,DEU,3.135
2022,YR2022,Ghana,GHA,..
2022,YR2022,Gibraltar,GIB,..
2022,YR2022,Greece,GRC,12.426
2022,YR2022,Greenland,GRL,..
2022,YR2022,Grenada,GRD,..
2022,YR2022,Guam,GUM,..
2022,YR2022,Guatemala,GTM,3.051
2022,YR2022,Guinea,GIN,..
2022,YR2022,Guinea-Bissau,GNB,..
2022,YR2022,Guyana,GUY,..
2022,YR2022,Haiti,HTI,..
2022,YR2022,Honduras,HND,7.037
2022,YR2022,"Hong Kong SAR, China",HKG,4.318
2022,YR2022,Hungary,HUN,3.609
2022,YR2022,Iceland,ISL,3.789
2022,YR2022,India,IND,4.822
2022,YR2022,Indonesia,IDN,3.462
2022,YR2022,"Iran, Islamic Rep.",IRN,9.085
2022,YR2022,Iraq,IRQ,..
2022,YR2022,Ireland,IRL,4.479
2022,YR2022,Isle of Man,IMN,..
2022,YR2022,Israel,ISR,3.695
2022,YR2022,Italy,ITA,8.069
2022,YR2022,Jamaica,JAM,..
2022,YR2022,Japan,JPN,2.6
2022,YR2022,Jordan,JOR,..
2022,YR2022,Kazakhstan,KAZ,4.86
2022,YR2022,Kenya,KEN,..
2022,YR2022,Kiribati,KIR,..
2022,YR2022,"Korea, Dem. People's Rep.",PRK,..
2022,YR2022,"Korea, Rep.",KOR,2.857
2022,YR2022,Kosovo,XKX,12.093
2022,YR2022,Kuwait,KWT,..
2022,YR2022,Kyrgyz Republic,KGZ,..
2022,YR2022,Lao PDR,LAO,1.209
2022,YR2022,Latvia,LVA,6.815
2022,YR2022,Lebanon,LBN,..
2022,YR2022,Lesotho,LSO,..
2022,YR2022,Liberia,LBR,..
2022,YR2022,Libya,LBY,..
2022,YR2022,Liechtenstein,LIE,..
2022,YR2022,Lithuania,LTU,5.956
2022,YR2022,Luxembourg,LUX,4.585
2022,YR2022,"Macao SAR, China",MAC,..
2022,YR2022,Madagascar,MDG,..
2022,YR2022,Malawi,MWI,..
2022,YR2022,Malaysia,MYS,3.93
2022,YR2022,Maldives,MDV,..
2022,YR2022,Mali,MLI,..
2022,YR2022,Malta,MLT,2.929
2022,YR2022,Marshall Islands,MHL,..
2022,YR2022,Mauritania,MRT,..
2022,YR2022,Mauritius,MUS,6.322
2022,YR2022,Mexico,MEX,3.256
2022,YR2022,"Micronesia, Fed. Sts.",FSM,..
2022,YR2022,Moldova,MDA,0.909
2022,YR2022,Monaco,MCO,..
2022,YR2022,Mongolia,MNG,6.211
2022,YR2022,Montenegro,MNE,..
2022,YR2022,Morocco,MAR,11.79
2022,YR2022,Mozambique,MOZ,..
2022,YR2022,Myanmar,MMR,..
2022,YR2022,Namibia,NAM,..
2022,YR2022,Nauru,NRU,..
2022,YR2022,Nepal,NPL,..
2022,YR2022,Netherlands,NLD,3.524
2022,YR2022,New Caledonia,NCL,..
2022,YR2022,New Zealand,NZL,3.297
2022,YR2022,Nicaragua,NIC,..
2022,YR2022,Niger,NER,..
2022,YR2022,Nigeria,NGA,3.827
2022,YR2022,North Macedonia,MKD,14.427
2022,YR2022,Northern Mariana Islands,MNP,..
2022,YR2022,Norway,NOR,3.233
2022,YR2022,Oman,OMN,..
2022,YR2022,Pakistan,PAK,..
2022,YR2022,Palau,PLW,..
2022,YR2022,Panama,PAN,8.281
2022,YR2022,Papua New Guinea,PNG,..
2022,YR2022,Paraguay,PRY,6.755
2022,YR2022,Peru,PER,4.291
2022,YR2022,Philippines,PHL,2.598
2022,YR2022,Poland,POL,2.886
2022,YR2022,Portugal,PRT,6.011
2022,YR2022,Puerto Rico,PRI,6
2022,YR2022,Qatar,QAT,0.13
2022,YR2022,Romania,ROU,5.614
2022,YR2022,Russian Federation,RUS,3.867
2022,YR2022,Rwanda,RWA,15.085
2022,YR2022,Samoa,WSM,..
2022,YR2022,San Marino,SMR,4.91
2022,YR2022,Sao Tome and Principe,STP,..
2022,YR2022,Saudi Arabia,SAU,5.589
2022,YR2022,Senegal,SEN,..
2022,YR2022,Serbia,SRB,8.684
2022,YR2022,Seychelles,SYC,..
2022,YR2022,Sierra Leone,SLE,..
2022,YR2022,Singapore,SGP,3.591
2022,YR2022,Sint Maarten (Dutch part),SXM,..
2022,YR2022,Slovak Republic,SVK,6.143
2022,YR2022,Slovenia,SVN,4.013
2022,YR2022,Solomon Islands,SLB,..
2022,YR2022,Somalia,SOM,..
2022,YR2022,South Africa,ZAF,28.838
2022,YR2022,South Sudan,SSD,..
2022,YR2022,Spain,ESP,12.917
2022,YR2022,Sri Lanka,LKA,..
2022,YR2022,St. Kitts and Nevis,KNA,..
2022,YR2022,St. Lucia,LCA,15.934
2022,YR2022,St. Martin (French part),MAF,..
2022,YR2022,St. Vincent and the Grenadines,VCT,..
2022,YR2022,Sudan,SDN,..
2022,YR2022,Suriname,SUR,..
2022,YR2022,Sweden,SWE,7.392
2022,YR2022,Switzerland,CHE,4.3
2022,YR2022,Syrian Arab Republic,SYR,..
2022,YR2022,Tajikistan,TJK,..
2022,YR2022,Tanzania,TZA,..
2022,YR2022,Thailand,THA,0.94
2022,YR2022,Timor-Leste,TLS,..
2022,YR2022,Togo,TGO,..
2022,YR2022,Tonga,TON,..
2022,YR2022,Trinidad and Tobago,TTO,4.383
2022,YR2022,Tunisia,TUN,..
2022,YR2022,Turkiye,TUR,10.432
2022,YR2022,Turkmenistan,TKM,..
2022,YR2022,Turks and Caicos Islands,TCA,..
2022,YR2022,Tuvalu,TUV,7.867
2022,YR2022,Uganda,UGA,..
2022,YR2022,Ukraine,UKR,..
2022,YR2022,United Arab Emirates,ARE,2.873
2022,YR2022,United Kingdom,GBR,..
2022,YR2022,United States,USA,3.65
2022,YR2022,Uruguay,URY,7.877
2022,YR2022,Uzbekistan,UZB,..
2022,YR2022,Vanuatu,VUT,..
2022,YR2022,"Venezuela, RB",VEN,..
2022,YR2022,Viet Nam,VNM,1.535
2022,YR2022,Virgin Islands (U.S.),VIR,..
2022,YR2022,West Bank and Gaza,PSE,24.42
2022,YR2022,"Yemen, Rep.",YEM,..
2022,YR2022,Zambia,ZMB,5.993
2022,YR2022,Zimbabwe,ZWE,..
2023,YR2023,Afghanistan,AFG,..
2023,YR2023,Albania,ALB,..
2023,YR2023,Algeria,DZA,..
2023,YR2023,American Samoa,ASM,..
2023,YR2023,Andorra,AND,..
2023,YR2023,Angola,AGO,..
2023,YR2023,Antigua and Barbuda,ATG,..
2023,YR2023,Argentina,ARG,..
2023,YR2023,Armenia,ARM,..
2023,YR2023,Aruba,ABW,..
2023,YR2023,Australia,AUS,..
2023,YR2023,Austria,AUT,..
2023,YR2023,Azerbaijan,AZE,..
2023,YR2023,"Bahamas, The",BHS,..
2023,YR2023,Bahrain,BHR,..
2023,YR2023,Bangladesh,BGD,..
2023,YR2023,Barbados,BRB,..
2023,YR2023,Belarus,BLR,..
2023,YR2023,Belgium,BEL,..
2023,YR2023,Belize,BLZ,..
2023,YR2023,Benin,BEN,..
2023,YR2023,Bermuda,BMU,..
2023,YR2023,Bhutan,BTN,..
2023,YR2023,Bolivia,BOL,..
2023,YR2023,Bosnia and Herzegovina,BIH,..
2023,YR2023,Botswana,BWA,..
2023,YR2023,Brazil,BRA,..
2023,YR2023,British Virgin Islands,VGB,..
2023,YR2023,Brunei Darussalam,BRN,..
2023,YR2023,Bulgaria,BGR,..
2023,YR2023,Burkina Faso,BFA,..
2023,YR2023,Burundi,BDI,..
2023,YR2023,Cabo Verde,CPV,..
2023,YR2023,Cambodia,KHM,..
2023,YR2023,Cameroon,CMR,..
2023,YR2023,Canada,CAN,5.415
2023,YR2023,Cayman Islands,CYM,..
2023,YR2023,Central African Republic,CAF,..
2023,YR2023,Chad,TCD,..
2023,YR2023,Channel Islands,CHI,..
2023,YR2023,Chile,CHL,..
2023,YR2023,China,CHN,..
2023,YR2023,Colombia,COL,..
2023,YR2023,Comoros,COM,..
2023,YR2023,"Congo, Dem. Rep.",COD,..
2023,YR2023,"Congo, Rep.",COG,..
2023,YR2023,Costa Rica,CRI,..
2023,YR2023,Cote d'Ivoire,CIV,..
2023,YR2023,Croatia,HRV,..
2023,YR2023,Cuba,CUB,..
2023,YR2023,Curacao,CUW,..
2023,YR2023,Cyprus,CYP,..
2023,YR2023,Czechia,CZE,..
2023,YR2023,Denmark,DNK,..
2023,YR2023,Djibouti,DJI,..
2023,YR2023,Dominica,DMA,..
2023,YR2023,Dominican Republic,DOM,..
2023,YR2023,Ecuador,ECU,..
2023,YR2023,"Egypt, Arab Rep.",EGY,..
2023,YR2023,El Salvador,SLV,..
2023,YR2023,Equatorial Guinea,GNQ,..
2023,YR2023,Eritrea,ERI,..
2023,YR2023,Estonia,EST,..
2023,YR2023,Eswatini,SWZ,..
2023,YR2023,Ethiopia,ETH,..
2023,YR2023,Faroe Islands,FRO,..
2023,YR2023,Fiji,FJI,..
2023,YR2023,Finland,FIN,..
2023,YR2023,France,FRA,..
2023,YR2023,French Polynesia,PYF,..
2023,YR2023,Gabon,GAB,..
2023,YR2023,"Gambia, The",GMB,6.479
2023,YR2023,Georgia,GEO,..
2023,YR2023,Germany,DEU,..
2023,YR2023,Ghana,GHA,..
2023,YR2023,Gibraltar,GIB,..
2023,YR2023,Greece,GRC,..
2023,YR2023,Greenland,GRL,..
2023,YR2023,Grenada,GRD,..
2023,YR2023,Guam,GUM,..
2023,YR2023,Guatemala,GTM,..
2023,YR2023,Guinea,GIN,..
2023,YR2023,Guinea-Bissau,GNB,..
2023,YR2023,Guyana,GUY,..
2023,YR2023,Haiti,HTI,..
2023,YR2023,Honduras,HND,..
2023,YR2023,"Hong Kong SAR, China",HKG,..
2023,YR2023,Hungary,HUN,..
2023,YR2023,Iceland,ISL,..
2023,YR2023,India,IND,..
2023,YR2023,Indonesia,IDN,..
2023,YR2023,"Iran, Islamic Rep.",IRN,..
2023,YR2023,Iraq,IRQ,..
2023,YR2023,Ireland,IRL,..
2023,YR2023,Isle of Man,IMN,..
2023,YR2023,Israel,ISR,..
2023,YR2023,Italy,ITA,..
2023,YR2023,Jamaica,JAM,..
2023,YR2023,Japan,JPN,2.6
2023,YR2023,Jordan,JOR,..
2023,YR2023,Kazakhstan,KAZ,..
2023,YR2023,Kenya,KEN,..
2023,YR2023,Kiribati,KIR,..
2023,YR2023,"Korea, Dem. People's Rep.",PRK,..
2023,YR2023,"Korea, Rep.",KOR,..
2023,YR2023,Kosovo,XKX,..
2023,YR2023,Kuwait,KWT,..
2023,YR2023,Kyrgyz Republic,KGZ,..
2023,YR2023,Lao PDR,LAO,..
2023,YR2023,Latvia,LVA,..
2023,YR2023,Lebanon,LBN,..
2023,YR2023,Lesotho,LSO,..
2023,YR2023,Liberia,LBR,..
2023,YR2023,Libya,LBY,..
2023,YR2023,Liechtenstein,LIE,..
2023,YR2023,Lithuania,LTU,..
2023,YR2023,Luxembourg,LUX,..
2023,YR2023,"Macao SAR, China",MAC,..
2023,YR2023,Madagascar,MDG,..
2023,YR2023,Malawi,MWI,..
2023,YR2023,Malaysia,MYS,..
2023,YR2023,Maldives,MDV,..
2023,YR2023,Mali,MLI,..
2023,YR2023,Malta,MLT,..
2023,YR2023,Marshall Islands,MHL,..
2023,YR2023,Mauritania,MRT,..
2023,YR2023,Mauritius,MUS,..
2023,YR2023,Mexico,MEX,..
2023,YR2023,"Micronesia, Fed. Sts.",FSM,..
2023,YR2023,Moldova,MDA,..
2023,YR2023,Monaco,MCO,..
2023,YR2023,Mongolia,MNG,..
2023,YR2023,Montenegro,MNE,..
2023,YR2023,Morocco,MAR,..
2023,YR2023,Mozambique,MOZ,..
2023,YR2023,Myanmar,MMR,..
2023,YR2023,Namibia,NAM,..
2023,YR2023,Nauru,NRU,..
2023,YR2023,Nepal,NPL,..
2023,YR2023,Netherlands,NLD,..
2023,YR2023,New Caledonia,NCL,..
2023,YR2023,New Zealand,NZL,..
2023,YR2023,Nicaragua,NIC,..
2023,YR2023,Niger,NER,..
2023,YR2023,Nigeria,NGA,..
2023,YR2023,North Macedonia,MKD,..
2023,YR2023,Northern Mariana Islands,MNP,..
2023,YR2023,Norway,NOR,..
2023,YR2023,Oman,OMN,..
2023,YR2023,Pakistan,PAK,..
2023,YR2023,Palau,PLW,..
2023,YR2023,Panama,PAN,6.678
2023,YR2023,Papua New Guinea,PNG,..
2023,YR2023,Paraguay,PRY,..
2023,YR2023,Peru,PER,..
2023,YR2023,Philippines,PHL,..
2023,YR2023,Poland,POL,..
2023,YR2023,Portugal,PRT,..
2023,YR2023,Puerto Rico,PRI,..
2023,YR2023,Qatar,QAT,..
2023,YR2023,Romania,ROU,..
2023,YR2023,Russian Federation,RUS,..
2023,YR2023,Rwanda,RWA,..
2023,YR2023,Samoa,WSM,..
2023,YR2023,San Marino,SMR,..
2023,YR2023,Sao Tome and Principe,STP,..
2023,YR2023,Saudi Arabia,SAU,..
2023,YR2023,Senegal,SEN,..
2023,YR2023,Serbia,SRB,..
2023,YR2023,Seychelles,SYC,..
2023,YR2023,Sierra Leone,SLE,..
2023,YR2023,Singapore,SGP,..
2023,YR2023,Sint Maarten (Dutch part),SXM,..
2023,YR2023,Slovak Republic,SVK,..
2023,YR2023,Slovenia,SVN,..
2023,YR2023,Solomon Islands,SLB,..
2023,YR2023,Somalia,SOM,..
2023,YR2023,South Africa,ZAF,..
2023,YR2023,South Sudan,SSD,..
2023,YR2023,Spain,ESP,..
2023,YR2023,Sri Lanka,LKA,..
2023,YR2023,St. Kitts and Nevis,KNA,..
2023,YR2023,St. Lucia,LCA,..
2023,YR2023,St. Martin (French part),MAF,..
2023,YR2023,St. Vincent and the Grenadines,VCT,..
2023,YR2023,Sudan,SDN,..
2023,YR2023,Suriname,SUR,..
2023,YR2023,Sweden,SWE,..
2023,YR2023,Switzerland,CHE,..
2023,YR2023,Syrian Arab Republic,SYR,..
2023,YR2023,Tajikistan,TJK,..
2023,YR2023,Tanzania,TZA,..
2023,YR2023,Thailand,THA,..
2023,YR2023,Timor-Leste,TLS,..
2023,YR2023,Togo,TGO,..
2023,YR2023,Tonga,TON,..
2023,YR2023,Trinidad and Tobago,TTO,..
2023,YR2023,Tunisia,TUN,..
2023,YR2023,Turkiye,TUR,..
2023,YR2023,Turkmenistan,TKM,..
2023,YR2023,Turks and Caicos Islands,TCA,..
2023,YR2023,Tuvalu,TUV,..
2023,YR2023,Uganda,UGA,..
2023,YR2023,Ukraine,UKR,..
2023,YR2023,United Arab Emirates,ARE,..
2023,YR2023,United Kingdom,GBR,..
2023,YR2023,United States,USA,3.638
2023,YR2023,Uruguay,URY,..
2023,YR2023,Uzbekistan,UZB,..
2023,YR2023,Vanuatu,VUT,..
2023,YR2023,"Venezuela, RB",VEN,..
2023,YR2023,Viet Nam,VNM,..
2023,YR2023,Virgin Islands (U.S.),VIR,..
2023,YR2023,West Bank and Gaza,PSE,..
2023,YR2023,"Yemen, Rep.",YEM,..
2023,YR2023,Zambia,ZMB,..
2023,YR2023,Zimbabwe,ZWE,..
,,,,
,,,,
,,,,
Data from database: World Development Indicators,,,,
Last Updated: 03/28/2024,,,,
Code,License Type,Indicator Name,Long definition,Source,Topic,Periodicity,Aggregation method,Statistical concept and methodology,Development relevance,Limitations and exceptions,General comments,License URL
SL.UEM.TOTL.NE.ZS,CC BY-4.0,"Unemployment, total (% of total labor force) (national estimate)",Unemployment refers to the share of the labor force that is without work but available for and seeking employment. Definitions of labor force and unemployment differ by country.,"International Labour Organization. Labour Force Statistics database (LFS) ILOSTAT. Accessed February 06, 2024. https://ilostat.ilo.org/data/.",Social Protection & Labor: Unemployment,Annual,Weighted average,"The standard definition of unemployed persons is those individuals without work, seeking work in a recent past period, and currently available for work, including people who have lost their jobs or who have voluntarily left work. Persons who did not look for work but have an arrangements for a future job are also counted as unemployed. 

Some unemployment is unavoidable. At any time some workers are temporarily unemployed between jobs as employers look for the right workers and workers search for better jobs. It is the labour force or the economically active portion of the population that serves as the base for this indicator, not the total population.","Paradoxically, low unemployment rates can disguise substantial poverty in a country, while high unemployment rates can occur in countries with a high level of economic development and low rates of poverty. In countries without unemployment or welfare benefits people eke out a living in vulnerable employment. In countries with well-developed safety nets workers can afford to wait for suitable or desirable jobs. But high and sustained unemployment indicates serious inefficiencies in resource allocation.

Youth unemployment is an important policy issue for many economies. Young men and women today face increasing uncertainty in their hopes of undergoing a satisfactory transition in the labour market, and this uncertainty and disillusionment can, in turn, have damaging effects on individuals, communities, economies and society at large. Unemployed or underemployed youth are less able to contribute effectively to national development and have fewer opportunities to exercise their rights as citizens. They have less to spend as consumers, less to invest as savers and often have no "voice" to bring about change in their lives and communities. Widespread youth unemployment and underemployment also prevents companies and countries from innovating and developing competitive advantages based on human capital investment, thus undermining future prospects.

Unemployment is a key measure to monitor whether a country is on track to achieve the Sustainable Development Goal of promoting sustained, inclusive and sustainable economic growth, full and productive employment and decent work for all. [SDG Indicator 8.5.2]","The criteria for people considered to be seeking work, and the treatment of people temporarily laid off or seeking work for the first time, vary across countries. In many cases it is especially difficult to measure employment and unemployment in agriculture. The timing of a survey can maximize the effects of seasonal unemployment in agriculture. And informal sector employment is difficult to quantify where informal activities are not tracked.

There may be also persons not currently in the labour market who want to work but do not actively "seek" work because they view job opportunities as limited, or because they have restricted labour mobility, or face discrimination, or structural, social or cultural barriers. The exclusion of people who want to work but are not seeking work (often called the "hidden unemployed" or "discouraged workers") is a criterion that will affect the unemployment count of both women and men. 

However, women tend to be excluded from the count for various reasons. Women suffer more from discrimination and from structural, social, and cultural barriers that impede them from seeking work. Also, women are often responsible for the care of children and the elderly and for household affairs. They may not be available for work during the short reference period, as they need to make arrangements before starting work. Further, women are considered to be employed when they are working part-time or in temporary jobs, despite the instability of these jobs or their active search for more secure employment.",The series for ILO estimates is also available in the WDI database. Caution should be used when comparing ILO estimates with national estimates.,https://datacatalog.worldbank.org/public-licenses#cc-by
